[    2615ms] [INFO] %cDownload the React DevTools for a better development experience: https://reactjs.org/link/react-devtools font-weight:bold @ http://localhost:5175/node_modules/.vite/deps/chunk-NXESFFTV.js?v=6bd10d75:21608
[    3071ms] [WARNING] THREE.Clock: This module has been deprecated. Please use THREE.Timer instead. @ http://localhost:5175/node_modules/.vite/deps/chunk-PLBY54L2.js?v=6bd10d75:746
[    3152ms] [WARNING] THREE.WebGLShadowMap: PCFSoftShadowMap has been deprecated. Using PCFShadowMap instead. @ http://localhost:5175/node_modules/.vite/deps/chunk-PLBY54L2.js?v=6bd10d75:746
[    4587ms] [WARNING] THREE.WebGLShadowMap: PCFSoftShadowMap has been deprecated. Using PCFShadowMap instead. @ http://localhost:5175/node_modules/.vite/deps/chunk-PLBY54L2.js?v=6bd10d75:746
[   24858ms] [WARNING] THREE.WebGLShadowMap: PCFSoftShadowMap has been deprecated. Using PCFShadowMap instead. @ http://localhost:5175/node_modules/.vite/deps/chunk-PLBY54L2.js?v=6bd10d75:746
[   25248ms] [WARNING] THREE.WebGLShadowMap: PCFSoftShadowMap has been deprecated. Using PCFShadowMap instead. @ http://localhost:5175/node_modules/.vite/deps/chunk-PLBY54L2.js?v=6bd10d75:746
[   25265ms] [WARNING] THREE.WebGLShadowMap: PCFSoftShadowMap has been deprecated. Using PCFShadowMap instead. @ http://localhost:5175/node_modules/.vite/deps/chunk-PLBY54L2.js?v=6bd10d75:746
[   25281ms] [WARNING] THREE.WebGLShadowMap: PCFSoftShadowMap has been deprecated. Using PCFShadowMap instead. @ http://localhost:5175/node_modules/.vite/deps/chunk-PLBY54L2.js?v=6bd10d75:746
[   25298ms] [WARNING] THREE.WebGLShadowMap: PCFSoftShadowMap has been deprecated. Using PCFShadowMap instead. @ http://localhost:5175/node_modules/.vite/deps/chunk-PLBY54L2.js?v=6bd10d75:746
[   25315ms] [WARNING] THREE.WebGLShadowMap: PCFSoftShadowMap has been deprecated. Using PCFShadowMap instead. @ http://localhost:5175/node_modules/.vite/deps/chunk-PLBY54L2.js?v=6bd10d75:746
[   25330ms] [WARNING] THREE.WebGLShadowMap: PCFSoftShadowMap has been deprecated. Using PCFShadowMap instead. @ http://localhost:5175/node_modules/.vite/deps/chunk-PLBY54L2.js?v=6bd10d75:746
[   25348ms] [WARNING] THREE.WebGLShadowMap: PCFSoftShadowMap has been deprecated. Using PCFShadowMap instead. @ http://localhost:5175/node_modules/.vite/deps/chunk-PLBY54L2.js?v=6bd10d75:746
[   25364ms] [WARNING] THREE.WebGLShadowMap: PCFSoftShadowMap has been deprecated. Using PCFShadowMap instead. @ http://localhost:5175/node_modules/.vite/deps/chunk-PLBY54L2.js?v=6bd10d75:746
[   25381ms] [WARNING] THREE.WebGLShadowMap: PCFSoftShadowMap has been deprecated. Using PCFShadowMap instead. @ http://localhost:5175/node_modules/.vite/deps/chunk-PLBY54L2.js?v=6bd10d75:746
[   25398ms] [WARNING] THREE.WebGLShadowMap: PCFSoftShadowMap has been deprecated. Using PCFShadowMap instead. @ http://localhost:5175/node_modules/.vite/deps/chunk-PLBY54L2.js?v=6bd10d75:746
[   25414ms] [WARNING] THREE.WebGLShadowMap: PCFSoftShadowMap has been deprecated. Using PCFShadowMap instead. @ http://localhost:5175/node_modules/.vite/deps/chunk-PLBY54L2.js?v=6bd10d75:746
[   25431ms] [WARNING] THREE.WebGLShadowMap: PCFSoftShadowMap has been deprecated. Using PCFShadowMap instead. @ http://localhost:5175/node_modules/.vite/deps/chunk-PLBY54L2.js?v=6bd10d75:746
[   25447ms] [WARNING] THREE.WebGLShadowMap: PCFSoftShadowMap has been deprecated. Using PCFShadowMap instead. @ http://localhost:5175/node_modules/.vite/deps/chunk-PLBY54L2.js?v=6bd10d75:746
[   25464ms] [WARNING] THREE.WebGLShadowMap: PCFSoftShadowMap has been deprecated. Using PCFShadowMap instead. @ http://localhost:5175/node_modules/.vite/deps/chunk-PLBY54L2.js?v=6bd10d75:746
[   25481ms] [WARNING] THREE.WebGLShadowMap: PCFSoftShadowMap has been deprecated. Using PCFShadowMap instead. @ http://localhost:5175/node_modules/.vite/deps/chunk-PLBY54L2.js?v=6bd10d75:746
[   25497ms] [WARNING] THREE.WebGLShadowMap: PCFSoftShadowMap has been deprecated. Using PCFShadowMap instead. @ http://localhost:5175/node_modules/.vite/deps/chunk-PLBY54L2.js?v=6bd10d75:746
[   25514ms] [WARNING] THREE.WebGLShadowMap: PCFSoftShadowMap has been deprecated. Using PCFShadowMap instead. @ http://localhost:5175/node_modules/.vite/deps/chunk-PLBY54L2.js?v=6bd10d75:746
[   25530ms] [WARNING] THREE.WebGLShadowMap: PCFSoftShadowMap has been deprecated. Using PCFShadowMap instead. @ http://localhost:5175/node_modules/.vite/deps/chunk-PLBY54L2.js?v=6bd10d75:746
[   25547ms] [WARNING] THREE.WebGLShadowMap: PCFSoftShadowMap has been deprecated. Using PCFShadowMap instead. @ http://localhost:5175/node_modules/.vite/deps/chunk-PLBY54L2.js?v=6bd10d75:746
[   25565ms] [WARNING] THREE.WebGLShadowMap: PCFSoftShadowMap has been deprecated. Using PCFShadowMap instead. @ http://localhost:5175/node_modules/.vite/deps/chunk-PLBY54L2.js?v=6bd10d75:746
[   25583ms] [WARNING] THREE.WebGLShadowMap: PCFSoftShadowMap has been deprecated. Using PCFShadowMap instead. @ http://localhost:5175/node_modules/.vite/deps/chunk-PLBY54L2.js?v=6bd10d75:746
[   25598ms] [WARNING] THREE.WebGLShadowMap: PCFSoftShadowMap has been deprecated. Using PCFShadowMap instead. @ http://localhost:5175/node_modules/.vite/deps/chunk-PLBY54L2.js?v=6bd10d75:746
[   25615ms] [WARNING] THREE.WebGLShadowMap: PCFSoftShadowMap has been deprecated. Using PCFShadowMap instead. @ http://localhost:5175/node_modules/.vite/deps/chunk-PLBY54L2.js?v=6bd10d75:746
[   25631ms] [WARNING] THREE.WebGLShadowMap: PCFSoftShadowMap has been deprecated. Using PCFShadowMap instead. @ http://localhost:5175/node_modules/.vite/deps/chunk-PLBY54L2.js?v=6bd10d75:746
[   25647ms] [WARNING] THREE.WebGLShadowMap: PCFSoftShadowMap has been deprecated. Using PCFShadowMap instead. @ http://localhost:5175/node_modules/.vite/deps/chunk-PLBY54L2.js?v=6bd10d75:746
[   25665ms] [WARNING] THREE.WebGLShadowMap: PCFSoftShadowMap has been deprecated. Using PCFShadowMap instead. @ http://localhost:5175/node_modules/.vite/deps/chunk-PLBY54L2.js?v=6bd10d75:746
[   25681ms] [WARNING] THREE.WebGLShadowMap: PCFSoftShadowMap has been deprecated. Using PCFShadowMap instead. @ http://localhost:5175/node_modules/.vite/deps/chunk-PLBY54L2.js?v=6bd10d75:746
[   25722ms] [WARNING] THREE.WebGLShadowMap: PCFSoftShadowMap has been deprecated. Using PCFShadowMap instead. @ http://localhost:5175/node_modules/.vite/deps/chunk-PLBY54L2.js?v=6bd10d75:746
[   25726ms] [WARNING] THREE.WebGLShadowMap: PCFSoftShadowMap has been deprecated. Using PCFShadowMap instead. @ http://localhost:5175/node_modules/.vite/deps/chunk-PLBY54L2.js?v=6bd10d75:746
[   25747ms] [WARNING] THREE.WebGLShadowMap: PCFSoftShadowMap has been deprecated. Using PCFShadowMap instead. @ http://localhost:5175/node_modules/.vite/deps/chunk-PLBY54L2.js?v=6bd10d75:746
[   25764ms] [WARNING] THREE.WebGLShadowMap: PCFSoftShadowMap has been deprecated. Using PCFShadowMap instead. @ http://localhost:5175/node_modules/.vite/deps/chunk-PLBY54L2.js?v=6bd10d75:746
[   25781ms] [WARNING] THREE.WebGLShadowMap: PCFSoftShadowMap has been deprecated. Using PCFShadowMap instead. @ http://localhost:5175/node_modules/.vite/deps/chunk-PLBY54L2.js?v=6bd10d75:746
[   25797ms] [WARNING] THREE.WebGLShadowMap: PCFSoftShadowMap has been deprecated. Using PCFShadowMap instead. @ http://localhost:5175/node_modules/.vite/deps/chunk-PLBY54L2.js?v=6bd10d75:746
[   25831ms] [WARNING] THREE.WebGLShadowMap: PCFSoftShadowMap has been deprecated. Using PCFShadowMap instead. @ http://localhost:5175/node_modules/.vite/deps/chunk-PLBY54L2.js?v=6bd10d75:746
[   25847ms] [WARNING] THREE.WebGLShadowMap: PCFSoftShadowMap has been deprecated. Using PCFShadowMap instead. @ http://localhost:5175/node_modules/.vite/deps/chunk-PLBY54L2.js?v=6bd10d75:746
[   25914ms] [WARNING] THREE.WebGLShadowMap: PCFSoftShadowMap has been deprecated. Using PCFShadowMap instead. @ http://localhost:5175/node_modules/.vite/deps/chunk-PLBY54L2.js?v=6bd10d75:746
[   25931ms] [WARNING] THREE.WebGLShadowMap: PCFSoftShadowMap has been deprecated. Using PCFShadowMap instead. @ http://localhost:5175/node_modules/.vite/deps/chunk-PLBY54L2.js?v=6bd10d75:746
[   25948ms] [WARNING] THREE.WebGLShadowMap: PCFSoftShadowMap has been deprecated. Using PCFShadowMap instead. @ http://localhost:5175/node_modules/.vite/deps/chunk-PLBY54L2.js?v=6bd10d75:746
[   25964ms] [WARNING] THREE.WebGLShadowMap: PCFSoftShadowMap has been deprecated. Using PCFShadowMap instead. @ http://localhost:5175/node_modules/.vite/deps/chunk-PLBY54L2.js?v=6bd10d75:746
[   25981ms] [WARNING] THREE.WebGLShadowMap: PCFSoftShadowMap has been deprecated. Using PCFShadowMap instead. @ http://localhost:5175/node_modules/.vite/deps/chunk-PLBY54L2.js?v=6bd10d75:746
[   25997ms] [WARNING] THREE.WebGLShadowMap: PCFSoftShadowMap has been deprecated. Using PCFShadowMap instead. @ http://localhost:5175/node_modules/.vite/deps/chunk-PLBY54L2.js?v=6bd10d75:746
[   26014ms] [WARNING] THREE.WebGLShadowMap: PCFSoftShadowMap has been deprecated. Using PCFShadowMap instead. @ http://localhost:5175/node_modules/.vite/deps/chunk-PLBY54L2.js?v=6bd10d75:746
[   26030ms] [WARNING] THREE.WebGLShadowMap: PCFSoftShadowMap has been deprecated. Using PCFShadowMap instead. @ http://localhost:5175/node_modules/.vite/deps/chunk-PLBY54L2.js?v=6bd10d75:746
[   26047ms] [WARNING] THREE.WebGLShadowMap: PCFSoftShadowMap has been deprecated. Using PCFShadowMap instead. @ http://localhost:5175/node_modules/.vite/deps/chunk-PLBY54L2.js?v=6bd10d75:746
[   26064ms] [WARNING] THREE.WebGLShadowMap: PCFSoftShadowMap has been deprecated. Using PCFShadowMap instead. @ http://localhost:5175/node_modules/.vite/deps/chunk-PLBY54L2.js?v=6bd10d75:746
[   26081ms] [WARNING] THREE.WebGLShadowMap: PCFSoftShadowMap has been deprecated. Using PCFShadowMap instead. @ http://localhost:5175/node_modules/.vite/deps/chunk-PLBY54L2.js?v=6bd10d75:746
[   26097ms] [WARNING] THREE.WebGLShadowMap: PCFSoftShadowMap has been deprecated. Using PCFShadowMap instead. @ http://localhost:5175/node_modules/.vite/deps/chunk-PLBY54L2.js?v=6bd10d75:746
[   26114ms] [WARNING] THREE.WebGLShadowMap: PCFSoftShadowMap has been deprecated. Using PCFShadowMap instead. @ http://localhost:5175/node_modules/.vite/deps/chunk-PLBY54L2.js?v=6bd10d75:746
[   26131ms] [WARNING] THREE.WebGLShadowMap: PCFSoftShadowMap has been deprecated. Using PCFShadowMap instead. @ http://localhost:5175/node_modules/.vite/deps/chunk-PLBY54L2.js?v=6bd10d75:746
[   26147ms] [WARNING] THREE.WebGLShadowMap: PCFSoftShadowMap has been deprecated. Using PCFShadowMap instead. @ http://localhost:5175/node_modules/.vite/deps/chunk-PLBY54L2.js?v=6bd10d75:746
[   26164ms] [WARNING] THREE.WebGLShadowMap: PCFSoftShadowMap has been deprecated. Using PCFShadowMap instead. @ http://localhost:5175/node_modules/.vite/deps/chunk-PLBY54L2.js?v=6bd10d75:746
[   26181ms] [WARNING] THREE.WebGLShadowMap: PCFSoftShadowMap has been deprecated. Using PCFShadowMap instead. @ http://localhost:5175/node_modules/.vite/deps/chunk-PLBY54L2.js?v=6bd10d75:746
[   26197ms] [WARNING] THREE.WebGLShadowMap: PCFSoftShadowMap has been deprecated. Using PCFShadowMap instead. @ http://localhost:5175/node_modules/.vite/deps/chunk-PLBY54L2.js?v=6bd10d75:746
[   26214ms] [WARNING] THREE.WebGLShadowMap: PCFSoftShadowMap has been deprecated. Using PCFShadowMap instead. @ http://localhost:5175/node_modules/.vite/deps/chunk-PLBY54L2.js?v=6bd10d75:746
[   26230ms] [WARNING] THREE.WebGLShadowMap: PCFSoftShadowMap has been deprecated. Using PCFShadowMap instead. @ http://localhost:5175/node_modules/.vite/deps/chunk-PLBY54L2.js?v=6bd10d75:746
[   26247ms] [WARNING] THREE.WebGLShadowMap: PCFSoftShadowMap has been deprecated. Using PCFShadowMap instead. @ http://localhost:5175/node_modules/.vite/deps/chunk-PLBY54L2.js?v=6bd10d75:746
[   26264ms] [WARNING] THREE.WebGLShadowMap: PCFSoftShadowMap has been deprecated. Using PCFShadowMap instead. @ http://localhost:5175/node_modules/.vite/deps/chunk-PLBY54L2.js?v=6bd10d75:746
[   26281ms] [WARNING] THREE.WebGLShadowMap: PCFSoftShadowMap has been deprecated. Using PCFShadowMap instead. @ http://localhost:5175/node_modules/.vite/deps/chunk-PLBY54L2.js?v=6bd10d75:746
[   26297ms] [WARNING] THREE.WebGLShadowMap: PCFSoftShadowMap has been deprecated. Using PCFShadowMap instead. @ http://localhost:5175/node_modules/.vite/deps/chunk-PLBY54L2.js?v=6bd10d75:746
[   26314ms] [WARNING] THREE.WebGLShadowMap: PCFSoftShadowMap has been deprecated. Using PCFShadowMap instead. @ http://localhost:5175/node_modules/.vite/deps/chunk-PLBY54L2.js?v=6bd10d75:746
[   26330ms] [WARNING] THREE.WebGLShadowMap: PCFSoftShadowMap has been deprecated. Using PCFShadowMap instead. @ http://localhost:5175/node_modules/.vite/deps/chunk-PLBY54L2.js?v=6bd10d75:746
[   26347ms] [WARNING] THREE.WebGLShadowMap: PCFSoftShadowMap has been deprecated. Using PCFShadowMap instead. @ http://localhost:5175/node_modules/.vite/deps/chunk-PLBY54L2.js?v=6bd10d75:746
[   26364ms] [WARNING] THREE.WebGLShadowMap: PCFSoftShadowMap has been deprecated. Using PCFShadowMap instead. @ http://localhost:5175/node_modules/.vite/deps/chunk-PLBY54L2.js?v=6bd10d75:746
[   26380ms] [WARNING] THREE.WebGLShadowMap: PCFSoftShadowMap has been deprecated. Using PCFShadowMap instead. @ http://localhost:5175/node_modules/.vite/deps/chunk-PLBY54L2.js?v=6bd10d75:746
[   26397ms] [WARNING] THREE.WebGLShadowMap: PCFSoftShadowMap has been deprecated. Using PCFShadowMap instead. @ http://localhost:5175/node_modules/.vite/deps/chunk-PLBY54L2.js?v=6bd10d75:746
[   26414ms] [WARNING] THREE.WebGLShadowMap: PCFSoftShadowMap has been deprecated. Using PCFShadowMap instead. @ http://localhost:5175/node_modules/.vite/deps/chunk-PLBY54L2.js?v=6bd10d75:746
[   26430ms] [WARNING] THREE.WebGLShadowMap: PCFSoftShadowMap has been deprecated. Using PCFShadowMap instead. @ http://localhost:5175/node_modules/.vite/deps/chunk-PLBY54L2.js?v=6bd10d75:746
[   26447ms] [WARNING] THREE.WebGLShadowMap: PCFSoftShadowMap has been deprecated. Using PCFShadowMap instead. @ http://localhost:5175/node_modules/.vite/deps/chunk-PLBY54L2.js?v=6bd10d75:746
[   26463ms] [WARNING] THREE.WebGLShadowMap: PCFSoftShadowMap has been deprecated. Using PCFShadowMap instead. @ http://localhost:5175/node_modules/.vite/deps/chunk-PLBY54L2.js?v=6bd10d75:746
[   26480ms] [WARNING] THREE.WebGLShadowMap: PCFSoftShadowMap has been deprecated. Using PCFShadowMap instead. @ http://localhost:5175/node_modules/.vite/deps/chunk-PLBY54L2.js?v=6bd10d75:746
[   26497ms] [WARNING] THREE.WebGLShadowMap: PCFSoftShadowMap has been deprecated. Using PCFShadowMap instead. @ http://localhost:5175/node_modules/.vite/deps/chunk-PLBY54L2.js?v=6bd10d75:746
[   26514ms] [WARNING] THREE.WebGLShadowMap: PCFSoftShadowMap has been deprecated. Using PCFShadowMap instead. @ http://localhost:5175/node_modules/.vite/deps/chunk-PLBY54L2.js?v=6bd10d75:746
[   26530ms] [WARNING] THREE.WebGLShadowMap: PCFSoftShadowMap has been deprecated. Using PCFShadowMap instead. @ http://localhost:5175/node_modules/.vite/deps/chunk-PLBY54L2.js?v=6bd10d75:746
[   26548ms] [WARNING] THREE.WebGLShadowMap: PCFSoftShadowMap has been deprecated. Using PCFShadowMap instead. @ http://localhost:5175/node_modules/.vite/deps/chunk-PLBY54L2.js?v=6bd10d75:746
[   26564ms] [WARNING] THREE.WebGLShadowMap: PCFSoftShadowMap has been deprecated. Using PCFShadowMap instead. @ http://localhost:5175/node_modules/.vite/deps/chunk-PLBY54L2.js?v=6bd10d75:746
[   26588ms] [WARNING] THREE.WebGLShadowMap: PCFSoftShadowMap has been deprecated. Using PCFShadowMap instead. @ http://localhost:5175/node_modules/.vite/deps/chunk-PLBY54L2.js?v=6bd10d75:746
[   26597ms] [WARNING] THREE.WebGLShadowMap: PCFSoftShadowMap has been deprecated. Using PCFShadowMap instead. @ http://localhost:5175/node_modules/.vite/deps/chunk-PLBY54L2.js?v=6bd10d75:746
[   26614ms] [WARNING] THREE.WebGLShadowMap: PCFSoftShadowMap has been deprecated. Using PCFShadowMap instead. @ http://localhost:5175/node_modules/.vite/deps/chunk-PLBY54L2.js?v=6bd10d75:746
[   26630ms] [WARNING] THREE.WebGLShadowMap: PCFSoftShadowMap has been deprecated. Using PCFShadowMap instead. @ http://localhost:5175/node_modules/.vite/deps/chunk-PLBY54L2.js?v=6bd10d75:746
[   26647ms] [WARNING] THREE.WebGLShadowMap: PCFSoftShadowMap has been deprecated. Using PCFShadowMap instead. @ http://localhost:5175/node_modules/.vite/deps/chunk-PLBY54L2.js?v=6bd10d75:746
[   26664ms] [WARNING] THREE.WebGLShadowMap: PCFSoftShadowMap has been deprecated. Using PCFShadowMap instead. @ http://localhost:5175/node_modules/.vite/deps/chunk-PLBY54L2.js?v=6bd10d75:746
[   26680ms] [WARNING] THREE.WebGLShadowMap: PCFSoftShadowMap has been deprecated. Using PCFShadowMap instead. @ http://localhost:5175/node_modules/.vite/deps/chunk-PLBY54L2.js?v=6bd10d75:746
[   26697ms] [WARNING] THREE.WebGLShadowMap: PCFSoftShadowMap has been deprecated. Using PCFShadowMap instead. @ http://localhost:5175/node_modules/.vite/deps/chunk-PLBY54L2.js?v=6bd10d75:746
[   26714ms] [WARNING] THREE.WebGLShadowMap: PCFSoftShadowMap has been deprecated. Using PCFShadowMap instead. @ http://localhost:5175/node_modules/.vite/deps/chunk-PLBY54L2.js?v=6bd10d75:746
[   26730ms] [WARNING] THREE.WebGLShadowMap: PCFSoftShadowMap has been deprecated. Using PCFShadowMap instead. @ http://localhost:5175/node_modules/.vite/deps/chunk-PLBY54L2.js?v=6bd10d75:746
[   26747ms] [WARNING] THREE.WebGLShadowMap: PCFSoftShadowMap has been deprecated. Using PCFShadowMap instead. @ http://localhost:5175/node_modules/.vite/deps/chunk-PLBY54L2.js?v=6bd10d75:746
[   26764ms] [WARNING] THREE.WebGLShadowMap: PCFSoftShadowMap has been deprecated. Using PCFShadowMap instead. @ http://localhost:5175/node_modules/.vite/deps/chunk-PLBY54L2.js?v=6bd10d75:746
[   26780ms] [WARNING] THREE.WebGLShadowMap: PCFSoftShadowMap has been deprecated. Using PCFShadowMap instead. @ http://localhost:5175/node_modules/.vite/deps/chunk-PLBY54L2.js?v=6bd10d75:746
[   26797ms] [WARNING] THREE.WebGLShadowMap: PCFSoftShadowMap has been deprecated. Using PCFShadowMap instead. @ http://localhost:5175/node_modules/.vite/deps/chunk-PLBY54L2.js?v=6bd10d75:746
[   26813ms] [WARNING] THREE.WebGLShadowMap: PCFSoftShadowMap has been deprecated. Using PCFShadowMap instead. @ http://localhost:5175/node_modules/.vite/deps/chunk-PLBY54L2.js?v=6bd10d75:746
[   26831ms] [WARNING] THREE.WebGLShadowMap: PCFSoftShadowMap has been deprecated. Using PCFShadowMap instead. @ http://localhost:5175/node_modules/.vite/deps/chunk-PLBY54L2.js?v=6bd10d75:746
[   26847ms] [WARNING] THREE.WebGLShadowMap: PCFSoftShadowMap has been deprecated. Using PCFShadowMap instead. @ http://localhost:5175/node_modules/.vite/deps/chunk-PLBY54L2.js?v=6bd10d75:746
[   26864ms] [WARNING] THREE.WebGLShadowMap: PCFSoftShadowMap has been deprecated. Using PCFShadowMap instead. @ http://localhost:5175/node_modules/.vite/deps/chunk-PLBY54L2.js?v=6bd10d75:746
[   26880ms] [WARNING] THREE.WebGLShadowMap: PCFSoftShadowMap has been deprecated. Using PCFShadowMap instead. @ http://localhost:5175/node_modules/.vite/deps/chunk-PLBY54L2.js?v=6bd10d75:746
[   26897ms] [WARNING] THREE.WebGLShadowMap: PCFSoftShadowMap has been deprecated. Using PCFShadowMap instead. @ http://localhost:5175/node_modules/.vite/deps/chunk-PLBY54L2.js?v=6bd10d75:746
[   26914ms] [WARNING] THREE.WebGLShadowMap: PCFSoftShadowMap has been deprecated. Using PCFShadowMap instead. @ http://localhost:5175/node_modules/.vite/deps/chunk-PLBY54L2.js?v=6bd10d75:746
[   26930ms] [WARNING] THREE.WebGLShadowMap: PCFSoftShadowMap has been deprecated. Using PCFShadowMap instead. @ http://localhost:5175/node_modules/.vite/deps/chunk-PLBY54L2.js?v=6bd10d75:746
[   26947ms] [WARNING] THREE.WebGLShadowMap: PCFSoftShadowMap has been deprecated. Using PCFShadowMap instead. @ http://localhost:5175/node_modules/.vite/deps/chunk-PLBY54L2.js?v=6bd10d75:746
[   26964ms] [WARNING] THREE.WebGLShadowMap: PCFSoftShadowMap has been deprecated. Using PCFShadowMap instead. @ http://localhost:5175/node_modules/.vite/deps/chunk-PLBY54L2.js?v=6bd10d75:746
[   26980ms] [WARNING] THREE.WebGLShadowMap: PCFSoftShadowMap has been deprecated. Using PCFShadowMap instead. @ http://localhost:5175/node_modules/.vite/deps/chunk-PLBY54L2.js?v=6bd10d75:746
[   26997ms] [WARNING] THREE.WebGLShadowMap: PCFSoftShadowMap has been deprecated. Using PCFShadowMap instead. @ http://localhost:5175/node_modules/.vite/deps/chunk-PLBY54L2.js?v=6bd10d75:746
[   27014ms] [WARNING] THREE.WebGLShadowMap: PCFSoftShadowMap has been deprecated. Using PCFShadowMap instead. @ http://localhost:5175/node_modules/.vite/deps/chunk-PLBY54L2.js?v=6bd10d75:746
[   27031ms] [WARNING] THREE.WebGLShadowMap: PCFSoftShadowMap has been deprecated. Using PCFShadowMap instead. @ http://localhost:5175/node_modules/.vite/deps/chunk-PLBY54L2.js?v=6bd10d75:746
[   27047ms] [WARNING] THREE.WebGLShadowMap: PCFSoftShadowMap has been deprecated. Using PCFShadowMap instead. @ http://localhost:5175/node_modules/.vite/deps/chunk-PLBY54L2.js?v=6bd10d75:746
[   27064ms] [WARNING] THREE.WebGLShadowMap: PCFSoftShadowMap has been deprecated. Using PCFShadowMap instead. @ http://localhost:5175/node_modules/.vite/deps/chunk-PLBY54L2.js?v=6bd10d75:746
[   27080ms] [WARNING] THREE.WebGLShadowMap: PCFSoftShadowMap has been deprecated. Using PCFShadowMap instead. @ http://localhost:5175/node_modules/.vite/deps/chunk-PLBY54L2.js?v=6bd10d75:746
[   27097ms] [WARNING] THREE.WebGLShadowMap: PCFSoftShadowMap has been deprecated. Using PCFShadowMap instead. @ http://localhost:5175/node_modules/.vite/deps/chunk-PLBY54L2.js?v=6bd10d75:746
[   27114ms] [WARNING] THREE.WebGLShadowMap: PCFSoftShadowMap has been deprecated. Using PCFShadowMap instead. @ http://localhost:5175/node_modules/.vite/deps/chunk-PLBY54L2.js?v=6bd10d75:746
[   27130ms] [WARNING] THREE.WebGLShadowMap: PCFSoftShadowMap has been deprecated. Using PCFShadowMap instead. @ http://localhost:5175/node_modules/.vite/deps/chunk-PLBY54L2.js?v=6bd10d75:746
[   27147ms] [WARNING] THREE.WebGLShadowMap: PCFSoftShadowMap has been deprecated. Using PCFShadowMap instead. @ http://localhost:5175/node_modules/.vite/deps/chunk-PLBY54L2.js?v=6bd10d75:746
[   27163ms] [WARNING] THREE.WebGLShadowMap: PCFSoftShadowMap has been deprecated. Using PCFShadowMap instead. @ http://localhost:5175/node_modules/.vite/deps/chunk-PLBY54L2.js?v=6bd10d75:746
[   27181ms] [WARNING] THREE.WebGLShadowMap: PCFSoftShadowMap has been deprecated. Using PCFShadowMap instead. @ http://localhost:5175/node_modules/.vite/deps/chunk-PLBY54L2.js?v=6bd10d75:746
[   27197ms] [WARNING] THREE.WebGLShadowMap: PCFSoftShadowMap has been deprecated. Using PCFShadowMap instead. @ http://localhost:5175/node_modules/.vite/deps/chunk-PLBY54L2.js?v=6bd10d75:746
[   27214ms] [WARNING] THREE.WebGLShadowMap: PCFSoftShadowMap has been deprecated. Using PCFShadowMap instead. @ http://localhost:5175/node_modules/.vite/deps/chunk-PLBY54L2.js?v=6bd10d75:746
[   27231ms] [WARNING] THREE.WebGLShadowMap: PCFSoftShadowMap has been deprecated. Using PCFShadowMap instead. @ http://localhost:5175/node_modules/.vite/deps/chunk-PLBY54L2.js?v=6bd10d75:746
[   27247ms] [WARNING] THREE.WebGLShadowMap: PCFSoftShadowMap has been deprecated. Using PCFShadowMap instead. @ http://localhost:5175/node_modules/.vite/deps/chunk-PLBY54L2.js?v=6bd10d75:746
[   27264ms] [WARNING] THREE.WebGLShadowMap: PCFSoftShadowMap has been deprecated. Using PCFShadowMap instead. @ http://localhost:5175/node_modules/.vite/deps/chunk-PLBY54L2.js?v=6bd10d75:746
[   27280ms] [WARNING] THREE.WebGLShadowMap: PCFSoftShadowMap has been deprecated. Using PCFShadowMap instead. @ http://localhost:5175/node_modules/.vite/deps/chunk-PLBY54L2.js?v=6bd10d75:746
[   27297ms] [WARNING] THREE.WebGLShadowMap: PCFSoftShadowMap has been deprecated. Using PCFShadowMap instead. @ http://localhost:5175/node_modules/.vite/deps/chunk-PLBY54L2.js?v=6bd10d75:746
[   27314ms] [WARNING] THREE.WebGLShadowMap: PCFSoftShadowMap has been deprecated. Using PCFShadowMap instead. @ http://localhost:5175/node_modules/.vite/deps/chunk-PLBY54L2.js?v=6bd10d75:746
[   27330ms] [WARNING] THREE.WebGLShadowMap: PCFSoftShadowMap has been deprecated. Using PCFShadowMap instead. @ http://localhost:5175/node_modules/.vite/deps/chunk-PLBY54L2.js?v=6bd10d75:746
[   27347ms] [WARNING] THREE.WebGLShadowMap: PCFSoftShadowMap has been deprecated. Using PCFShadowMap instead. @ http://localhost:5175/node_modules/.vite/deps/chunk-PLBY54L2.js?v=6bd10d75:746
[   27364ms] [WARNING] THREE.WebGLShadowMap: PCFSoftShadowMap has been deprecated. Using PCFShadowMap instead. @ http://localhost:5175/node_modules/.vite/deps/chunk-PLBY54L2.js?v=6bd10d75:746
[   27380ms] [WARNING] THREE.WebGLShadowMap: PCFSoftShadowMap has been deprecated. Using PCFShadowMap instead. @ http://localhost:5175/node_modules/.vite/deps/chunk-PLBY54L2.js?v=6bd10d75:746
[   27397ms] [WARNING] THREE.WebGLShadowMap: PCFSoftShadowMap has been deprecated. Using PCFShadowMap instead. @ http://localhost:5175/node_modules/.vite/deps/chunk-PLBY54L2.js?v=6bd10d75:746
[   27414ms] [WARNING] THREE.WebGLShadowMap: PCFSoftShadowMap has been deprecated. Using PCFShadowMap instead. @ http://localhost:5175/node_modules/.vite/deps/chunk-PLBY54L2.js?v=6bd10d75:746
[   27430ms] [WARNING] THREE.WebGLShadowMap: PCFSoftShadowMap has been deprecated. Using PCFShadowMap instead. @ http://localhost:5175/node_modules/.vite/deps/chunk-PLBY54L2.js?v=6bd10d75:746
[   27447ms] [WARNING] THREE.WebGLShadowMap: PCFSoftShadowMap has been deprecated. Using PCFShadowMap instead. @ http://localhost:5175/node_modules/.vite/deps/chunk-PLBY54L2.js?v=6bd10d75:746
[   27463ms] [WARNING] THREE.WebGLShadowMap: PCFSoftShadowMap has been deprecated. Using PCFShadowMap instead. @ http://localhost:5175/node_modules/.vite/deps/chunk-PLBY54L2.js?v=6bd10d75:746
[   27480ms] [WARNING] THREE.WebGLShadowMap: PCFSoftShadowMap has been deprecated. Using PCFShadowMap instead. @ http://localhost:5175/node_modules/.vite/deps/chunk-PLBY54L2.js?v=6bd10d75:746
[   27497ms] [WARNING] THREE.WebGLShadowMap: PCFSoftShadowMap has been deprecated. Using PCFShadowMap instead. @ http://localhost:5175/node_modules/.vite/deps/chunk-PLBY54L2.js?v=6bd10d75:746
[   27513ms] [WARNING] THREE.WebGLShadowMap: PCFSoftShadowMap has been deprecated. Using PCFShadowMap instead. @ http://localhost:5175/node_modules/.vite/deps/chunk-PLBY54L2.js?v=6bd10d75:746
[   27530ms] [WARNING] THREE.WebGLShadowMap: PCFSoftShadowMap has been deprecated. Using PCFShadowMap instead. @ http://localhost:5175/node_modules/.vite/deps/chunk-PLBY54L2.js?v=6bd10d75:746
[   27563ms] [WARNING] THREE.WebGLShadowMap: PCFSoftShadowMap has been deprecated. Using PCFShadowMap instead. @ http://localhost:5175/node_modules/.vite/deps/chunk-PLBY54L2.js?v=6bd10d75:746
[   27580ms] [WARNING] THREE.WebGLShadowMap: PCFSoftShadowMap has been deprecated. Using PCFShadowMap instead. @ http://localhost:5175/node_modules/.vite/deps/chunk-PLBY54L2.js?v=6bd10d75:746
[   27597ms] [WARNING] THREE.WebGLShadowMap: PCFSoftShadowMap has been deprecated. Using PCFShadowMap instead. @ http://localhost:5175/node_modules/.vite/deps/chunk-PLBY54L2.js?v=6bd10d75:746
[   27614ms] [WARNING] THREE.WebGLShadowMap: PCFSoftShadowMap has been deprecated. Using PCFShadowMap instead. @ http://localhost:5175/node_modules/.vite/deps/chunk-PLBY54L2.js?v=6bd10d75:746
[   27630ms] [WARNING] THREE.WebGLShadowMap: PCFSoftShadowMap has been deprecated. Using PCFShadowMap instead. @ http://localhost:5175/node_modules/.vite/deps/chunk-PLBY54L2.js?v=6bd10d75:746
[   27647ms] [WARNING] THREE.WebGLShadowMap: PCFSoftShadowMap has been deprecated. Using PCFShadowMap instead. @ http://localhost:5175/node_modules/.vite/deps/chunk-PLBY54L2.js?v=6bd10d75:746
[   27663ms] [WARNING] THREE.WebGLShadowMap: PCFSoftShadowMap has been deprecated. Using PCFShadowMap instead. @ http://localhost:5175/node_modules/.vite/deps/chunk-PLBY54L2.js?v=6bd10d75:746
[   27681ms] [WARNING] THREE.WebGLShadowMap: PCFSoftShadowMap has been deprecated. Using PCFShadowMap instead. @ http://localhost:5175/node_modules/.vite/deps/chunk-PLBY54L2.js?v=6bd10d75:746
[   27697ms] [WARNING] THREE.WebGLShadowMap: PCFSoftShadowMap has been deprecated. Using PCFShadowMap instead. @ http://localhost:5175/node_modules/.vite/deps/chunk-PLBY54L2.js?v=6bd10d75:746
[   27713ms] [WARNING] THREE.WebGLShadowMap: PCFSoftShadowMap has been deprecated. Using PCFShadowMap instead. @ http://localhost:5175/node_modules/.vite/deps/chunk-PLBY54L2.js?v=6bd10d75:746
[   27730ms] [WARNING] THREE.WebGLShadowMap: PCFSoftShadowMap has been deprecated. Using PCFShadowMap instead. @ http://localhost:5175/node_modules/.vite/deps/chunk-PLBY54L2.js?v=6bd10d75:746
[   27747ms] [WARNING] THREE.WebGLShadowMap: PCFSoftShadowMap has been deprecated. Using PCFShadowMap instead. @ http://localhost:5175/node_modules/.vite/deps/chunk-PLBY54L2.js?v=6bd10d75:746
[   27765ms] [WARNING] THREE.WebGLShadowMap: PCFSoftShadowMap has been deprecated. Using PCFShadowMap instead. @ http://localhost:5175/node_modules/.vite/deps/chunk-PLBY54L2.js?v=6bd10d75:746
[   27780ms] [WARNING] THREE.WebGLShadowMap: PCFSoftShadowMap has been deprecated. Using PCFShadowMap instead. @ http://localhost:5175/node_modules/.vite/deps/chunk-PLBY54L2.js?v=6bd10d75:746
[   27797ms] [WARNING] THREE.WebGLShadowMap: PCFSoftShadowMap has been deprecated. Using PCFShadowMap instead. @ http://localhost:5175/node_modules/.vite/deps/chunk-PLBY54L2.js?v=6bd10d75:746
[   27814ms] [WARNING] THREE.WebGLShadowMap: PCFSoftShadowMap has been deprecated. Using PCFShadowMap instead. @ http://localhost:5175/node_modules/.vite/deps/chunk-PLBY54L2.js?v=6bd10d75:746
[   27830ms] [WARNING] THREE.WebGLShadowMap: PCFSoftShadowMap has been deprecated. Using PCFShadowMap instead. @ http://localhost:5175/node_modules/.vite/deps/chunk-PLBY54L2.js?v=6bd10d75:746
[   27847ms] [WARNING] THREE.WebGLShadowMap: PCFSoftShadowMap has been deprecated. Using PCFShadowMap instead. @ http://localhost:5175/node_modules/.vite/deps/chunk-PLBY54L2.js?v=6bd10d75:746
[   27863ms] [WARNING] THREE.WebGLShadowMap: PCFSoftShadowMap has been deprecated. Using PCFShadowMap instead. @ http://localhost:5175/node_modules/.vite/deps/chunk-PLBY54L2.js?v=6bd10d75:746
[   27881ms] [WARNING] THREE.WebGLShadowMap: PCFSoftShadowMap has been deprecated. Using PCFShadowMap instead. @ http://localhost:5175/node_modules/.vite/deps/chunk-PLBY54L2.js?v=6bd10d75:746
[   27897ms] [WARNING] THREE.WebGLShadowMap: PCFSoftShadowMap has been deprecated. Using PCFShadowMap instead. @ http://localhost:5175/node_modules/.vite/deps/chunk-PLBY54L2.js?v=6bd10d75:746
[   27913ms] [WARNING] THREE.WebGLShadowMap: PCFSoftShadowMap has been deprecated. Using PCFShadowMap instead. @ http://localhost:5175/node_modules/.vite/deps/chunk-PLBY54L2.js?v=6bd10d75:746
[   27930ms] [WARNING] THREE.WebGLShadowMap: PCFSoftShadowMap has been deprecated. Using PCFShadowMap instead. @ http://localhost:5175/node_modules/.vite/deps/chunk-PLBY54L2.js?v=6bd10d75:746
[   27947ms] [WARNING] THREE.WebGLShadowMap: PCFSoftShadowMap has been deprecated. Using PCFShadowMap instead. @ http://localhost:5175/node_modules/.vite/deps/chunk-PLBY54L2.js?v=6bd10d75:746
[   27964ms] [WARNING] THREE.WebGLShadowMap: PCFSoftShadowMap has been deprecated. Using PCFShadowMap instead. @ http://localhost:5175/node_modules/.vite/deps/chunk-PLBY54L2.js?v=6bd10d75:746
[   27981ms] [WARNING] THREE.WebGLShadowMap: PCFSoftShadowMap has been deprecated. Using PCFShadowMap instead. @ http://localhost:5175/node_modules/.vite/deps/chunk-PLBY54L2.js?v=6bd10d75:746
[   27997ms] [WARNING] THREE.WebGLShadowMap: PCFSoftShadowMap has been deprecated. Using PCFShadowMap instead. @ http://localhost:5175/node_modules/.vite/deps/chunk-PLBY54L2.js?v=6bd10d75:746
[   28013ms] [WARNING] THREE.WebGLShadowMap: PCFSoftShadowMap has been deprecated. Using PCFShadowMap instead. @ http://localhost:5175/node_modules/.vite/deps/chunk-PLBY54L2.js?v=6bd10d75:746
[   28030ms] [WARNING] THREE.WebGLShadowMap: PCFSoftShadowMap has been deprecated. Using PCFShadowMap instead. @ http://localhost:5175/node_modules/.vite/deps/chunk-PLBY54L2.js?v=6bd10d75:746
[   28047ms] [WARNING] THREE.WebGLShadowMap: PCFSoftShadowMap has been deprecated. Using PCFShadowMap instead. @ http://localhost:5175/node_modules/.vite/deps/chunk-PLBY54L2.js?v=6bd10d75:746
[   28064ms] [WARNING] THREE.WebGLShadowMap: PCFSoftShadowMap has been deprecated. Using PCFShadowMap instead. @ http://localhost:5175/node_modules/.vite/deps/chunk-PLBY54L2.js?v=6bd10d75:746
[   28081ms] [WARNING] THREE.WebGLShadowMap: PCFSoftShadowMap has been deprecated. Using PCFShadowMap instead. @ http://localhost:5175/node_modules/.vite/deps/chunk-PLBY54L2.js?v=6bd10d75:746
[   28097ms] [WARNING] THREE.WebGLShadowMap: PCFSoftShadowMap has been deprecated. Using PCFShadowMap instead. @ http://localhost:5175/node_modules/.vite/deps/chunk-PLBY54L2.js?v=6bd10d75:746
[   28114ms] [WARNING] THREE.WebGLShadowMap: PCFSoftShadowMap has been deprecated. Using PCFShadowMap instead. @ http://localhost:5175/node_modules/.vite/deps/chunk-PLBY54L2.js?v=6bd10d75:746
[   28130ms] [WARNING] THREE.WebGLShadowMap: PCFSoftShadowMap has been deprecated. Using PCFShadowMap instead. @ http://localhost:5175/node_modules/.vite/deps/chunk-PLBY54L2.js?v=6bd10d75:746
[   28147ms] [WARNING] THREE.WebGLShadowMap: PCFSoftShadowMap has been deprecated. Using PCFShadowMap instead. @ http://localhost:5175/node_modules/.vite/deps/chunk-PLBY54L2.js?v=6bd10d75:746
[   28164ms] [WARNING] THREE.WebGLShadowMap: PCFSoftShadowMap has been deprecated. Using PCFShadowMap instead. @ http://localhost:5175/node_modules/.vite/deps/chunk-PLBY54L2.js?v=6bd10d75:746
[   28180ms] [WARNING] THREE.WebGLShadowMap: PCFSoftShadowMap has been deprecated. Using PCFShadowMap instead. @ http://localhost:5175/node_modules/.vite/deps/chunk-PLBY54L2.js?v=6bd10d75:746
[   28197ms] [WARNING] THREE.WebGLShadowMap: PCFSoftShadowMap has been deprecated. Using PCFShadowMap instead. @ http://localhost:5175/node_modules/.vite/deps/chunk-PLBY54L2.js?v=6bd10d75:746
[   28213ms] [WARNING] THREE.WebGLShadowMap: PCFSoftShadowMap has been deprecated. Using PCFShadowMap instead. @ http://localhost:5175/node_modules/.vite/deps/chunk-PLBY54L2.js?v=6bd10d75:746
[   28230ms] [WARNING] THREE.WebGLShadowMap: PCFSoftShadowMap has been deprecated. Using PCFShadowMap instead. @ http://localhost:5175/node_modules/.vite/deps/chunk-PLBY54L2.js?v=6bd10d75:746
[   28247ms] [WARNING] THREE.WebGLShadowMap: PCFSoftShadowMap has been deprecated. Using PCFShadowMap instead. @ http://localhost:5175/node_modules/.vite/deps/chunk-PLBY54L2.js?v=6bd10d75:746
[   28264ms] [WARNING] THREE.WebGLShadowMap: PCFSoftShadowMap has been deprecated. Using PCFShadowMap instead. @ http://localhost:5175/node_modules/.vite/deps/chunk-PLBY54L2.js?v=6bd10d75:746
[   28280ms] [WARNING] THREE.WebGLShadowMap: PCFSoftShadowMap has been deprecated. Using PCFShadowMap instead. @ http://localhost:5175/node_modules/.vite/deps/chunk-PLBY54L2.js?v=6bd10d75:746
[   28297ms] [WARNING] THREE.WebGLShadowMap: PCFSoftShadowMap has been deprecated. Using PCFShadowMap instead. @ http://localhost:5175/node_modules/.vite/deps/chunk-PLBY54L2.js?v=6bd10d75:746
[   28314ms] [WARNING] THREE.WebGLShadowMap: PCFSoftShadowMap has been deprecated. Using PCFShadowMap instead. @ http://localhost:5175/node_modules/.vite/deps/chunk-PLBY54L2.js?v=6bd10d75:746
[   28330ms] [WARNING] THREE.WebGLShadowMap: PCFSoftShadowMap has been deprecated. Using PCFShadowMap instead. @ http://localhost:5175/node_modules/.vite/deps/chunk-PLBY54L2.js?v=6bd10d75:746
[   28348ms] [WARNING] THREE.WebGLShadowMap: PCFSoftShadowMap has been deprecated. Using PCFShadowMap instead. @ http://localhost:5175/node_modules/.vite/deps/chunk-PLBY54L2.js?v=6bd10d75:746
[   28363ms] [WARNING] THREE.WebGLShadowMap: PCFSoftShadowMap has been deprecated. Using PCFShadowMap instead. @ http://localhost:5175/node_modules/.vite/deps/chunk-PLBY54L2.js?v=6bd10d75:746
[   28381ms] [WARNING] THREE.WebGLShadowMap: PCFSoftShadowMap has been deprecated. Using PCFShadowMap instead. @ http://localhost:5175/node_modules/.vite/deps/chunk-PLBY54L2.js?v=6bd10d75:746
[   28397ms] [WARNING] THREE.WebGLShadowMap: PCFSoftShadowMap has been deprecated. Using PCFShadowMap instead. @ http://localhost:5175/node_modules/.vite/deps/chunk-PLBY54L2.js?v=6bd10d75:746
[   28414ms] [WARNING] THREE.WebGLShadowMap: PCFSoftShadowMap has been deprecated. Using PCFShadowMap instead. @ http://localhost:5175/node_modules/.vite/deps/chunk-PLBY54L2.js?v=6bd10d75:746
[   28431ms] [WARNING] THREE.WebGLShadowMap: PCFSoftShadowMap has been deprecated. Using PCFShadowMap instead. @ http://localhost:5175/node_modules/.vite/deps/chunk-PLBY54L2.js?v=6bd10d75:746
[   28447ms] [WARNING] THREE.WebGLShadowMap: PCFSoftShadowMap has been deprecated. Using PCFShadowMap instead. @ http://localhost:5175/node_modules/.vite/deps/chunk-PLBY54L2.js?v=6bd10d75:746
[   28464ms] [WARNING] THREE.WebGLShadowMap: PCFSoftShadowMap has been deprecated. Using PCFShadowMap instead. @ http://localhost:5175/node_modules/.vite/deps/chunk-PLBY54L2.js?v=6bd10d75:746
[   28480ms] [WARNING] THREE.WebGLShadowMap: PCFSoftShadowMap has been deprecated. Using PCFShadowMap instead. @ http://localhost:5175/node_modules/.vite/deps/chunk-PLBY54L2.js?v=6bd10d75:746
[   28496ms] [WARNING] THREE.WebGLShadowMap: PCFSoftShadowMap has been deprecated. Using PCFShadowMap instead. @ http://localhost:5175/node_modules/.vite/deps/chunk-PLBY54L2.js?v=6bd10d75:746
[   28513ms] [WARNING] THREE.WebGLShadowMap: PCFSoftShadowMap has been deprecated. Using PCFShadowMap instead. @ http://localhost:5175/node_modules/.vite/deps/chunk-PLBY54L2.js?v=6bd10d75:746
[   28530ms] [WARNING] THREE.WebGLShadowMap: PCFSoftShadowMap has been deprecated. Using PCFShadowMap instead. @ http://localhost:5175/node_modules/.vite/deps/chunk-PLBY54L2.js?v=6bd10d75:746
[   28547ms] [WARNING] THREE.WebGLShadowMap: PCFSoftShadowMap has been deprecated. Using PCFShadowMap instead. @ http://localhost:5175/node_modules/.vite/deps/chunk-PLBY54L2.js?v=6bd10d75:746
[   28563ms] [WARNING] THREE.WebGLShadowMap: PCFSoftShadowMap has been deprecated. Using PCFShadowMap instead. @ http://localhost:5175/node_modules/.vite/deps/chunk-PLBY54L2.js?v=6bd10d75:746
[   28580ms] [WARNING] THREE.WebGLShadowMap: PCFSoftShadowMap has been deprecated. Using PCFShadowMap instead. @ http://localhost:5175/node_modules/.vite/deps/chunk-PLBY54L2.js?v=6bd10d75:746
[   28597ms] [WARNING] THREE.WebGLShadowMap: PCFSoftShadowMap has been deprecated. Using PCFShadowMap instead. @ http://localhost:5175/node_modules/.vite/deps/chunk-PLBY54L2.js?v=6bd10d75:746
[   28630ms] [WARNING] THREE.WebGLShadowMap: PCFSoftShadowMap has been deprecated. Using PCFShadowMap instead. @ http://localhost:5175/node_modules/.vite/deps/chunk-PLBY54L2.js?v=6bd10d75:746
[   28663ms] [WARNING] THREE.WebGLShadowMap: PCFSoftShadowMap has been deprecated. Using PCFShadowMap instead. @ http://localhost:5175/node_modules/.vite/deps/chunk-PLBY54L2.js?v=6bd10d75:746
[   28680ms] [WARNING] THREE.WebGLShadowMap: PCFSoftShadowMap has been deprecated. Using PCFShadowMap instead. @ http://localhost:5175/node_modules/.vite/deps/chunk-PLBY54L2.js?v=6bd10d75:746
[   28697ms] [WARNING] THREE.WebGLShadowMap: PCFSoftShadowMap has been deprecated. Using PCFShadowMap instead. @ http://localhost:5175/node_modules/.vite/deps/chunk-PLBY54L2.js?v=6bd10d75:746
[   28713ms] [WARNING] THREE.WebGLShadowMap: PCFSoftShadowMap has been deprecated. Using PCFShadowMap instead. @ http://localhost:5175/node_modules/.vite/deps/chunk-PLBY54L2.js?v=6bd10d75:746
[   28731ms] [WARNING] THREE.WebGLShadowMap: PCFSoftShadowMap has been deprecated. Using PCFShadowMap instead. @ http://localhost:5175/node_modules/.vite/deps/chunk-PLBY54L2.js?v=6bd10d75:746
[   28747ms] [WARNING] THREE.WebGLShadowMap: PCFSoftShadowMap has been deprecated. Using PCFShadowMap instead. @ http://localhost:5175/node_modules/.vite/deps/chunk-PLBY54L2.js?v=6bd10d75:746
[   28765ms] [WARNING] THREE.WebGLShadowMap: PCFSoftShadowMap has been deprecated. Using PCFShadowMap instead. @ http://localhost:5175/node_modules/.vite/deps/chunk-PLBY54L2.js?v=6bd10d75:746
[   28780ms] [WARNING] THREE.WebGLShadowMap: PCFSoftShadowMap has been deprecated. Using PCFShadowMap instead. @ http://localhost:5175/node_modules/.vite/deps/chunk-PLBY54L2.js?v=6bd10d75:746
[   28797ms] [WARNING] THREE.WebGLShadowMap: PCFSoftShadowMap has been deprecated. Using PCFShadowMap instead. @ http://localhost:5175/node_modules/.vite/deps/chunk-PLBY54L2.js?v=6bd10d75:746
[   28814ms] [WARNING] THREE.WebGLShadowMap: PCFSoftShadowMap has been deprecated. Using PCFShadowMap instead. @ http://localhost:5175/node_modules/.vite/deps/chunk-PLBY54L2.js?v=6bd10d75:746
[   28830ms] [WARNING] THREE.WebGLShadowMap: PCFSoftShadowMap has been deprecated. Using PCFShadowMap instead. @ http://localhost:5175/node_modules/.vite/deps/chunk-PLBY54L2.js?v=6bd10d75:746
[   28847ms] [WARNING] THREE.WebGLShadowMap: PCFSoftShadowMap has been deprecated. Using PCFShadowMap instead. @ http://localhost:5175/node_modules/.vite/deps/chunk-PLBY54L2.js?v=6bd10d75:746
[   28864ms] [WARNING] THREE.WebGLShadowMap: PCFSoftShadowMap has been deprecated. Using PCFShadowMap instead. @ http://localhost:5175/node_modules/.vite/deps/chunk-PLBY54L2.js?v=6bd10d75:746
[   28880ms] [WARNING] THREE.WebGLShadowMap: PCFSoftShadowMap has been deprecated. Using PCFShadowMap instead. @ http://localhost:5175/node_modules/.vite/deps/chunk-PLBY54L2.js?v=6bd10d75:746
[   28897ms] [WARNING] THREE.WebGLShadowMap: PCFSoftShadowMap has been deprecated. Using PCFShadowMap instead. @ http://localhost:5175/node_modules/.vite/deps/chunk-PLBY54L2.js?v=6bd10d75:746
[   28913ms] [WARNING] THREE.WebGLShadowMap: PCFSoftShadowMap has been deprecated. Using PCFShadowMap instead. @ http://localhost:5175/node_modules/.vite/deps/chunk-PLBY54L2.js?v=6bd10d75:746
[   28930ms] [WARNING] THREE.WebGLShadowMap: PCFSoftShadowMap has been deprecated. Using PCFShadowMap instead. @ http://localhost:5175/node_modules/.vite/deps/chunk-PLBY54L2.js?v=6bd10d75:746
[   28947ms] [WARNING] THREE.WebGLShadowMap: PCFSoftShadowMap has been deprecated. Using PCFShadowMap instead. @ http://localhost:5175/node_modules/.vite/deps/chunk-PLBY54L2.js?v=6bd10d75:746
[   28964ms] [WARNING] THREE.WebGLShadowMap: PCFSoftShadowMap has been deprecated. Using PCFShadowMap instead. @ http://localhost:5175/node_modules/.vite/deps/chunk-PLBY54L2.js?v=6bd10d75:746
[   28980ms] [WARNING] THREE.WebGLShadowMap: PCFSoftShadowMap has been deprecated. Using PCFShadowMap instead. @ http://localhost:5175/node_modules/.vite/deps/chunk-PLBY54L2.js?v=6bd10d75:746
[   28997ms] [WARNING] THREE.WebGLShadowMap: PCFSoftShadowMap has been deprecated. Using PCFShadowMap instead. @ http://localhost:5175/node_modules/.vite/deps/chunk-PLBY54L2.js?v=6bd10d75:746
[   29013ms] [WARNING] THREE.WebGLShadowMap: PCFSoftShadowMap has been deprecated. Using PCFShadowMap instead. @ http://localhost:5175/node_modules/.vite/deps/chunk-PLBY54L2.js?v=6bd10d75:746
[   29030ms] [WARNING] THREE.WebGLShadowMap: PCFSoftShadowMap has been deprecated. Using PCFShadowMap instead. @ http://localhost:5175/node_modules/.vite/deps/chunk-PLBY54L2.js?v=6bd10d75:746
[   29048ms] [WARNING] THREE.WebGLShadowMap: PCFSoftShadowMap has been deprecated. Using PCFShadowMap instead. @ http://localhost:5175/node_modules/.vite/deps/chunk-PLBY54L2.js?v=6bd10d75:746
[   29063ms] [WARNING] THREE.WebGLShadowMap: PCFSoftShadowMap has been deprecated. Using PCFShadowMap instead. @ http://localhost:5175/node_modules/.vite/deps/chunk-PLBY54L2.js?v=6bd10d75:746
[   29081ms] [WARNING] THREE.WebGLShadowMap: PCFSoftShadowMap has been deprecated. Using PCFShadowMap instead. @ http://localhost:5175/node_modules/.vite/deps/chunk-PLBY54L2.js?v=6bd10d75:746
[   29097ms] [WARNING] THREE.WebGLShadowMap: PCFSoftShadowMap has been deprecated. Using PCFShadowMap instead. @ http://localhost:5175/node_modules/.vite/deps/chunk-PLBY54L2.js?v=6bd10d75:746
[   29113ms] [WARNING] THREE.WebGLShadowMap: PCFSoftShadowMap has been deprecated. Using PCFShadowMap instead. @ http://localhost:5175/node_modules/.vite/deps/chunk-PLBY54L2.js?v=6bd10d75:746
[   29130ms] [WARNING] THREE.WebGLShadowMap: PCFSoftShadowMap has been deprecated. Using PCFShadowMap instead. @ http://localhost:5175/node_modules/.vite/deps/chunk-PLBY54L2.js?v=6bd10d75:746
[   29147ms] [WARNING] THREE.WebGLShadowMap: PCFSoftShadowMap has been deprecated. Using PCFShadowMap instead. @ http://localhost:5175/node_modules/.vite/deps/chunk-PLBY54L2.js?v=6bd10d75:746
[   29164ms] [WARNING] THREE.WebGLShadowMap: PCFSoftShadowMap has been deprecated. Using PCFShadowMap instead. @ http://localhost:5175/node_modules/.vite/deps/chunk-PLBY54L2.js?v=6bd10d75:746
[   29180ms] [WARNING] THREE.WebGLShadowMap: PCFSoftShadowMap has been deprecated. Using PCFShadowMap instead. @ http://localhost:5175/node_modules/.vite/deps/chunk-PLBY54L2.js?v=6bd10d75:746
[   29198ms] [WARNING] THREE.WebGLShadowMap: PCFSoftShadowMap has been deprecated. Using PCFShadowMap instead. @ http://localhost:5175/node_modules/.vite/deps/chunk-PLBY54L2.js?v=6bd10d75:746
[   29213ms] [WARNING] THREE.WebGLShadowMap: PCFSoftShadowMap has been deprecated. Using PCFShadowMap instead. @ http://localhost:5175/node_modules/.vite/deps/chunk-PLBY54L2.js?v=6bd10d75:746
[   29230ms] [WARNING] THREE.WebGLShadowMap: PCFSoftShadowMap has been deprecated. Using PCFShadowMap instead. @ http://localhost:5175/node_modules/.vite/deps/chunk-PLBY54L2.js?v=6bd10d75:746
[   29247ms] [WARNING] THREE.WebGLShadowMap: PCFSoftShadowMap has been deprecated. Using PCFShadowMap instead. @ http://localhost:5175/node_modules/.vite/deps/chunk-PLBY54L2.js?v=6bd10d75:746
[   29263ms] [WARNING] THREE.WebGLShadowMap: PCFSoftShadowMap has been deprecated. Using PCFShadowMap instead. @ http://localhost:5175/node_modules/.vite/deps/chunk-PLBY54L2.js?v=6bd10d75:746
[   29280ms] [WARNING] THREE.WebGLShadowMap: PCFSoftShadowMap has been deprecated. Using PCFShadowMap instead. @ http://localhost:5175/node_modules/.vite/deps/chunk-PLBY54L2.js?v=6bd10d75:746
[   29297ms] [WARNING] THREE.WebGLShadowMap: PCFSoftShadowMap has been deprecated. Using PCFShadowMap instead. @ http://localhost:5175/node_modules/.vite/deps/chunk-PLBY54L2.js?v=6bd10d75:746
[   29314ms] [WARNING] THREE.WebGLShadowMap: PCFSoftShadowMap has been deprecated. Using PCFShadowMap instead. @ http://localhost:5175/node_modules/.vite/deps/chunk-PLBY54L2.js?v=6bd10d75:746
[   29330ms] [WARNING] THREE.WebGLShadowMap: PCFSoftShadowMap has been deprecated. Using PCFShadowMap instead. @ http://localhost:5175/node_modules/.vite/deps/chunk-PLBY54L2.js?v=6bd10d75:746
[   29346ms] [WARNING] THREE.WebGLShadowMap: PCFSoftShadowMap has been deprecated. Using PCFShadowMap instead. @ http://localhost:5175/node_modules/.vite/deps/chunk-PLBY54L2.js?v=6bd10d75:746
[   29364ms] [WARNING] THREE.WebGLShadowMap: PCFSoftShadowMap has been deprecated. Using PCFShadowMap instead. @ http://localhost:5175/node_modules/.vite/deps/chunk-PLBY54L2.js?v=6bd10d75:746
[   29380ms] [WARNING] THREE.WebGLShadowMap: PCFSoftShadowMap has been deprecated. Using PCFShadowMap instead. @ http://localhost:5175/node_modules/.vite/deps/chunk-PLBY54L2.js?v=6bd10d75:746
[   29397ms] [WARNING] THREE.WebGLShadowMap: PCFSoftShadowMap has been deprecated. Using PCFShadowMap instead. @ http://localhost:5175/node_modules/.vite/deps/chunk-PLBY54L2.js?v=6bd10d75:746
[   29413ms] [WARNING] THREE.WebGLShadowMap: PCFSoftShadowMap has been deprecated. Using PCFShadowMap instead. @ http://localhost:5175/node_modules/.vite/deps/chunk-PLBY54L2.js?v=6bd10d75:746
[   29430ms] [WARNING] THREE.WebGLShadowMap: PCFSoftShadowMap has been deprecated. Using PCFShadowMap instead. @ http://localhost:5175/node_modules/.vite/deps/chunk-PLBY54L2.js?v=6bd10d75:746
[   29446ms] [WARNING] THREE.WebGLShadowMap: PCFSoftShadowMap has been deprecated. Using PCFShadowMap instead. @ http://localhost:5175/node_modules/.vite/deps/chunk-PLBY54L2.js?v=6bd10d75:746
[   29463ms] [WARNING] THREE.WebGLShadowMap: PCFSoftShadowMap has been deprecated. Using PCFShadowMap instead. @ http://localhost:5175/node_modules/.vite/deps/chunk-PLBY54L2.js?v=6bd10d75:746
[   29480ms] [WARNING] THREE.WebGLShadowMap: PCFSoftShadowMap has been deprecated. Using PCFShadowMap instead. @ http://localhost:5175/node_modules/.vite/deps/chunk-PLBY54L2.js?v=6bd10d75:746
[   29496ms] [WARNING] THREE.WebGLShadowMap: PCFSoftShadowMap has been deprecated. Using PCFShadowMap instead. @ http://localhost:5175/node_modules/.vite/deps/chunk-PLBY54L2.js?v=6bd10d75:746
[   29513ms] [WARNING] THREE.WebGLShadowMap: PCFSoftShadowMap has been deprecated. Using PCFShadowMap instead. @ http://localhost:5175/node_modules/.vite/deps/chunk-PLBY54L2.js?v=6bd10d75:746
[   29530ms] [WARNING] THREE.WebGLShadowMap: PCFSoftShadowMap has been deprecated. Using PCFShadowMap instead. @ http://localhost:5175/node_modules/.vite/deps/chunk-PLBY54L2.js?v=6bd10d75:746
[   29547ms] [WARNING] THREE.WebGLShadowMap: PCFSoftShadowMap has been deprecated. Using PCFShadowMap instead. @ http://localhost:5175/node_modules/.vite/deps/chunk-PLBY54L2.js?v=6bd10d75:746
[   29564ms] [WARNING] THREE.WebGLShadowMap: PCFSoftShadowMap has been deprecated. Using PCFShadowMap instead. @ http://localhost:5175/node_modules/.vite/deps/chunk-PLBY54L2.js?v=6bd10d75:746
[   29581ms] [WARNING] THREE.WebGLShadowMap: PCFSoftShadowMap has been deprecated. Using PCFShadowMap instead. @ http://localhost:5175/node_modules/.vite/deps/chunk-PLBY54L2.js?v=6bd10d75:746
[   29597ms] [WARNING] THREE.WebGLShadowMap: PCFSoftShadowMap has been deprecated. Using PCFShadowMap instead. @ http://localhost:5175/node_modules/.vite/deps/chunk-PLBY54L2.js?v=6bd10d75:746
[   29882ms] [WARNING] THREE.WebGLShadowMap: PCFSoftShadowMap has been deprecated. Using PCFShadowMap instead. @ http://localhost:5175/node_modules/.vite/deps/chunk-PLBY54L2.js?v=6bd10d75:746
[   29899ms] [WARNING] THREE.WebGLShadowMap: PCFSoftShadowMap has been deprecated. Using PCFShadowMap instead. @ http://localhost:5175/node_modules/.vite/deps/chunk-PLBY54L2.js?v=6bd10d75:746
[   29915ms] [WARNING] THREE.WebGLShadowMap: PCFSoftShadowMap has been deprecated. Using PCFShadowMap instead. @ http://localhost:5175/node_modules/.vite/deps/chunk-PLBY54L2.js?v=6bd10d75:746
[   29931ms] [WARNING] THREE.WebGLShadowMap: PCFSoftShadowMap has been deprecated. Using PCFShadowMap instead. @ http://localhost:5175/node_modules/.vite/deps/chunk-PLBY54L2.js?v=6bd10d75:746
[   29947ms] [WARNING] THREE.WebGLShadowMap: PCFSoftShadowMap has been deprecated. Using PCFShadowMap instead. @ http://localhost:5175/node_modules/.vite/deps/chunk-PLBY54L2.js?v=6bd10d75:746
[   29963ms] [WARNING] THREE.WebGLShadowMap: PCFSoftShadowMap has been deprecated. Using PCFShadowMap instead. @ http://localhost:5175/node_modules/.vite/deps/chunk-PLBY54L2.js?v=6bd10d75:746
[   29980ms] [WARNING] THREE.WebGLShadowMap: PCFSoftShadowMap has been deprecated. Using PCFShadowMap instead. @ http://localhost:5175/node_modules/.vite/deps/chunk-PLBY54L2.js?v=6bd10d75:746
[   30047ms] [WARNING] THREE.WebGLShadowMap: PCFSoftShadowMap has been deprecated. Using PCFShadowMap instead. @ http://localhost:5175/node_modules/.vite/deps/chunk-PLBY54L2.js?v=6bd10d75:746
[   30065ms] [WARNING] THREE.WebGLShadowMap: PCFSoftShadowMap has been deprecated. Using PCFShadowMap instead. @ http://localhost:5175/node_modules/.vite/deps/chunk-PLBY54L2.js?v=6bd10d75:746
[   30080ms] [WARNING] THREE.WebGLShadowMap: PCFSoftShadowMap has been deprecated. Using PCFShadowMap instead. @ http://localhost:5175/node_modules/.vite/deps/chunk-PLBY54L2.js?v=6bd10d75:746
[   30097ms] [WARNING] THREE.WebGLShadowMap: PCFSoftShadowMap has been deprecated. Using PCFShadowMap instead. @ http://localhost:5175/node_modules/.vite/deps/chunk-PLBY54L2.js?v=6bd10d75:746
[   30113ms] [WARNING] THREE.WebGLShadowMap: PCFSoftShadowMap has been deprecated. Using PCFShadowMap instead. @ http://localhost:5175/node_modules/.vite/deps/chunk-PLBY54L2.js?v=6bd10d75:746
[   30130ms] [WARNING] THREE.WebGLShadowMap: PCFSoftShadowMap has been deprecated. Using PCFShadowMap instead. @ http://localhost:5175/node_modules/.vite/deps/chunk-PLBY54L2.js?v=6bd10d75:746
[   30146ms] [WARNING] THREE.WebGLShadowMap: PCFSoftShadowMap has been deprecated. Using PCFShadowMap instead. @ http://localhost:5175/node_modules/.vite/deps/chunk-PLBY54L2.js?v=6bd10d75:746
[   30164ms] [WARNING] THREE.WebGLShadowMap: PCFSoftShadowMap has been deprecated. Using PCFShadowMap instead. @ http://localhost:5175/node_modules/.vite/deps/chunk-PLBY54L2.js?v=6bd10d75:746
[   30180ms] [WARNING] THREE.WebGLShadowMap: PCFSoftShadowMap has been deprecated. Using PCFShadowMap instead. @ http://localhost:5175/node_modules/.vite/deps/chunk-PLBY54L2.js?v=6bd10d75:746
[   30197ms] [WARNING] THREE.WebGLShadowMap: PCFSoftShadowMap has been deprecated. Using PCFShadowMap instead. @ http://localhost:5175/node_modules/.vite/deps/chunk-PLBY54L2.js?v=6bd10d75:746
[   30214ms] [WARNING] THREE.WebGLShadowMap: PCFSoftShadowMap has been deprecated. Using PCFShadowMap instead. @ http://localhost:5175/node_modules/.vite/deps/chunk-PLBY54L2.js?v=6bd10d75:746
[   30230ms] [WARNING] THREE.WebGLShadowMap: PCFSoftShadowMap has been deprecated. Using PCFShadowMap instead. @ http://localhost:5175/node_modules/.vite/deps/chunk-PLBY54L2.js?v=6bd10d75:746
[   30281ms] [WARNING] THREE.WebGLShadowMap: PCFSoftShadowMap has been deprecated. Using PCFShadowMap instead. @ http://localhost:5175/node_modules/.vite/deps/chunk-PLBY54L2.js?v=6bd10d75:746
[   30297ms] [WARNING] THREE.WebGLShadowMap: PCFSoftShadowMap has been deprecated. Using PCFShadowMap instead. @ http://localhost:5175/node_modules/.vite/deps/chunk-PLBY54L2.js?v=6bd10d75:746
[   30314ms] [WARNING] THREE.WebGLShadowMap: PCFSoftShadowMap has been deprecated. Using PCFShadowMap instead. @ http://localhost:5175/node_modules/.vite/deps/chunk-PLBY54L2.js?v=6bd10d75:746
[   30331ms] [WARNING] THREE.WebGLShadowMap: PCFSoftShadowMap has been deprecated. Using PCFShadowMap instead. @ http://localhost:5175/node_modules/.vite/deps/chunk-PLBY54L2.js?v=6bd10d75:746
[   30347ms] [WARNING] THREE.WebGLShadowMap: PCFSoftShadowMap has been deprecated. Using PCFShadowMap instead. @ http://localhost:5175/node_modules/.vite/deps/chunk-PLBY54L2.js?v=6bd10d75:746
[   30379ms] [WARNING] THREE.WebGLShadowMap: PCFSoftShadowMap has been deprecated. Using PCFShadowMap instead. @ http://localhost:5175/node_modules/.vite/deps/chunk-PLBY54L2.js?v=6bd10d75:746
[   30431ms] [WARNING] THREE.WebGLShadowMap: PCFSoftShadowMap has been deprecated. Using PCFShadowMap instead. @ http://localhost:5175/node_modules/.vite/deps/chunk-PLBY54L2.js?v=6bd10d75:746
[   30448ms] [WARNING] THREE.WebGLShadowMap: PCFSoftShadowMap has been deprecated. Using PCFShadowMap instead. @ http://localhost:5175/node_modules/.vite/deps/chunk-PLBY54L2.js?v=6bd10d75:746
[   30464ms] [WARNING] THREE.WebGLShadowMap: PCFSoftShadowMap has been deprecated. Using PCFShadowMap instead. @ http://localhost:5175/node_modules/.vite/deps/chunk-PLBY54L2.js?v=6bd10d75:746
[   30480ms] [WARNING] THREE.WebGLShadowMap: PCFSoftShadowMap has been deprecated. Using PCFShadowMap instead. @ http://localhost:5175/node_modules/.vite/deps/chunk-PLBY54L2.js?v=6bd10d75:746
[   30497ms] [WARNING] THREE.WebGLShadowMap: PCFSoftShadowMap has been deprecated. Using PCFShadowMap instead. @ http://localhost:5175/node_modules/.vite/deps/chunk-PLBY54L2.js?v=6bd10d75:746
[   30514ms] [WARNING] THREE.WebGLShadowMap: PCFSoftShadowMap has been deprecated. Using PCFShadowMap instead. @ http://localhost:5175/node_modules/.vite/deps/chunk-PLBY54L2.js?v=6bd10d75:746
[   30530ms] [WARNING] THREE.WebGLShadowMap: PCFSoftShadowMap has been deprecated. Using PCFShadowMap instead. @ http://localhost:5175/node_modules/.vite/deps/chunk-PLBY54L2.js?v=6bd10d75:746
[   30547ms] [WARNING] THREE.WebGLShadowMap: PCFSoftShadowMap has been deprecated. Using PCFShadowMap instead. @ http://localhost:5175/node_modules/.vite/deps/chunk-PLBY54L2.js?v=6bd10d75:746
[   30563ms] [WARNING] THREE.WebGLShadowMap: PCFSoftShadowMap has been deprecated. Using PCFShadowMap instead. @ http://localhost:5175/node_modules/.vite/deps/chunk-PLBY54L2.js?v=6bd10d75:746
[   30580ms] [WARNING] THREE.WebGLShadowMap: PCFSoftShadowMap has been deprecated. Using PCFShadowMap instead. @ http://localhost:5175/node_modules/.vite/deps/chunk-PLBY54L2.js?v=6bd10d75:746
[   30597ms] [WARNING] THREE.WebGLShadowMap: PCFSoftShadowMap has been deprecated. Using PCFShadowMap instead. @ http://localhost:5175/node_modules/.vite/deps/chunk-PLBY54L2.js?v=6bd10d75:746
[   30613ms] [WARNING] THREE.WebGLShadowMap: PCFSoftShadowMap has been deprecated. Using PCFShadowMap instead. @ http://localhost:5175/node_modules/.vite/deps/chunk-PLBY54L2.js?v=6bd10d75:746
[   30630ms] [WARNING] THREE.WebGLShadowMap: PCFSoftShadowMap has been deprecated. Using PCFShadowMap instead. @ http://localhost:5175/node_modules/.vite/deps/chunk-PLBY54L2.js?v=6bd10d75:746
[   30646ms] [WARNING] THREE.WebGLShadowMap: PCFSoftShadowMap has been deprecated. Using PCFShadowMap instead. @ http://localhost:5175/node_modules/.vite/deps/chunk-PLBY54L2.js?v=6bd10d75:746
[   30680ms] [WARNING] THREE.WebGLShadowMap: PCFSoftShadowMap has been deprecated. Using PCFShadowMap instead. @ http://localhost:5175/node_modules/.vite/deps/chunk-PLBY54L2.js?v=6bd10d75:746
[   30696ms] [WARNING] THREE.WebGLShadowMap: PCFSoftShadowMap has been deprecated. Using PCFShadowMap instead. @ http://localhost:5175/node_modules/.vite/deps/chunk-PLBY54L2.js?v=6bd10d75:746
[   30729ms] [WARNING] THREE.WebGLShadowMap: PCFSoftShadowMap has been deprecated. Using PCFShadowMap instead. @ http://localhost:5175/node_modules/.vite/deps/chunk-PLBY54L2.js?v=6bd10d75:746
[   30797ms] [WARNING] THREE.WebGLShadowMap: PCFSoftShadowMap has been deprecated. Using PCFShadowMap instead. @ http://localhost:5175/node_modules/.vite/deps/chunk-PLBY54L2.js?v=6bd10d75:746
[   30830ms] [WARNING] THREE.WebGLShadowMap: PCFSoftShadowMap has been deprecated. Using PCFShadowMap instead. @ http://localhost:5175/node_modules/.vite/deps/chunk-PLBY54L2.js?v=6bd10d75:746
[   30847ms] [WARNING] THREE.WebGLShadowMap: PCFSoftShadowMap has been deprecated. Using PCFShadowMap instead. @ http://localhost:5175/node_modules/.vite/deps/chunk-PLBY54L2.js?v=6bd10d75:746
[   30863ms] [WARNING] THREE.WebGLShadowMap: PCFSoftShadowMap has been deprecated. Using PCFShadowMap instead. @ http://localhost:5175/node_modules/.vite/deps/chunk-PLBY54L2.js?v=6bd10d75:746
[   30880ms] [WARNING] THREE.WebGLShadowMap: PCFSoftShadowMap has been deprecated. Using PCFShadowMap instead. @ http://localhost:5175/node_modules/.vite/deps/chunk-PLBY54L2.js?v=6bd10d75:746
[   30897ms] [WARNING] THREE.WebGLShadowMap: PCFSoftShadowMap has been deprecated. Using PCFShadowMap instead. @ http://localhost:5175/node_modules/.vite/deps/chunk-PLBY54L2.js?v=6bd10d75:746
[   31014ms] [WARNING] THREE.WebGLShadowMap: PCFSoftShadowMap has been deprecated. Using PCFShadowMap instead. @ http://localhost:5175/node_modules/.vite/deps/chunk-PLBY54L2.js?v=6bd10d75:746
[   31032ms] [WARNING] THREE.WebGLShadowMap: PCFSoftShadowMap has been deprecated. Using PCFShadowMap instead. @ http://localhost:5175/node_modules/.vite/deps/chunk-PLBY54L2.js?v=6bd10d75:746
[   31048ms] [WARNING] THREE.WebGLShadowMap: PCFSoftShadowMap has been deprecated. Using PCFShadowMap instead. @ http://localhost:5175/node_modules/.vite/deps/chunk-PLBY54L2.js?v=6bd10d75:746
[   31064ms] [WARNING] THREE.WebGLShadowMap: PCFSoftShadowMap has been deprecated. Using PCFShadowMap instead. @ http://localhost:5175/node_modules/.vite/deps/chunk-PLBY54L2.js?v=6bd10d75:746
[   31080ms] [WARNING] THREE.WebGLShadowMap: PCFSoftShadowMap has been deprecated. Using PCFShadowMap instead. @ http://localhost:5175/node_modules/.vite/deps/chunk-PLBY54L2.js?v=6bd10d75:746
[   31096ms] [WARNING] THREE.WebGLShadowMap: PCFSoftShadowMap has been deprecated. Using PCFShadowMap instead. @ http://localhost:5175/node_modules/.vite/deps/chunk-PLBY54L2.js?v=6bd10d75:746
[   31113ms] [WARNING] THREE.WebGLShadowMap: PCFSoftShadowMap has been deprecated. Using PCFShadowMap instead. @ http://localhost:5175/node_modules/.vite/deps/chunk-PLBY54L2.js?v=6bd10d75:746
[   31130ms] [WARNING] THREE.WebGLShadowMap: PCFSoftShadowMap has been deprecated. Using PCFShadowMap instead. @ http://localhost:5175/node_modules/.vite/deps/chunk-PLBY54L2.js?v=6bd10d75:746
[   31147ms] [WARNING] THREE.WebGLShadowMap: PCFSoftShadowMap has been deprecated. Using PCFShadowMap instead. @ http://localhost:5175/node_modules/.vite/deps/chunk-PLBY54L2.js?v=6bd10d75:746
[   31163ms] [WARNING] THREE.WebGLShadowMap: PCFSoftShadowMap has been deprecated. Using PCFShadowMap instead. @ http://localhost:5175/node_modules/.vite/deps/chunk-PLBY54L2.js?v=6bd10d75:746
[   31180ms] [WARNING] THREE.WebGLShadowMap: PCFSoftShadowMap has been deprecated. Using PCFShadowMap instead. @ http://localhost:5175/node_modules/.vite/deps/chunk-PLBY54L2.js?v=6bd10d75:746
[   31196ms] [WARNING] THREE.WebGLShadowMap: PCFSoftShadowMap has been deprecated. Using PCFShadowMap instead. @ http://localhost:5175/node_modules/.vite/deps/chunk-PLBY54L2.js?v=6bd10d75:746
[   31213ms] [WARNING] THREE.WebGLShadowMap: PCFSoftShadowMap has been deprecated. Using PCFShadowMap instead. @ http://localhost:5175/node_modules/.vite/deps/chunk-PLBY54L2.js?v=6bd10d75:746
[   31230ms] [WARNING] THREE.WebGLShadowMap: PCFSoftShadowMap has been deprecated. Using PCFShadowMap instead. @ http://localhost:5175/node_modules/.vite/deps/chunk-PLBY54L2.js?v=6bd10d75:746
[   31246ms] [WARNING] THREE.WebGLShadowMap: PCFSoftShadowMap has been deprecated. Using PCFShadowMap instead. @ http://localhost:5175/node_modules/.vite/deps/chunk-PLBY54L2.js?v=6bd10d75:746
[   31264ms] [WARNING] THREE.WebGLShadowMap: PCFSoftShadowMap has been deprecated. Using PCFShadowMap instead. @ http://localhost:5175/node_modules/.vite/deps/chunk-PLBY54L2.js?v=6bd10d75:746
[   31279ms] [WARNING] THREE.WebGLShadowMap: PCFSoftShadowMap has been deprecated. Using PCFShadowMap instead. @ http://localhost:5175/node_modules/.vite/deps/chunk-PLBY54L2.js?v=6bd10d75:746
[   31297ms] [WARNING] THREE.WebGLShadowMap: PCFSoftShadowMap has been deprecated. Using PCFShadowMap instead. @ http://localhost:5175/node_modules/.vite/deps/chunk-PLBY54L2.js?v=6bd10d75:746
[   31312ms] [WARNING] THREE.WebGLShadowMap: PCFSoftShadowMap has been deprecated. Using PCFShadowMap instead. @ http://localhost:5175/node_modules/.vite/deps/chunk-PLBY54L2.js?v=6bd10d75:746
[   31347ms] [WARNING] THREE.WebGLShadowMap: PCFSoftShadowMap has been deprecated. Using PCFShadowMap instead. @ http://localhost:5175/node_modules/.vite/deps/chunk-PLBY54L2.js?v=6bd10d75:746
[   31375ms] [WARNING] THREE.WebGLShadowMap: PCFSoftShadowMap has been deprecated. Using PCFShadowMap instead. @ http://localhost:5175/node_modules/.vite/deps/chunk-PLBY54L2.js?v=6bd10d75:746
[   31384ms] [WARNING] THREE.WebGLShadowMap: PCFSoftShadowMap has been deprecated. Using PCFShadowMap instead. @ http://localhost:5175/node_modules/.vite/deps/chunk-PLBY54L2.js?v=6bd10d75:746
[   31408ms] [WARNING] THREE.WebGLShadowMap: PCFSoftShadowMap has been deprecated. Using PCFShadowMap instead. @ http://localhost:5175/node_modules/.vite/deps/chunk-PLBY54L2.js?v=6bd10d75:746
[   31813ms] [WARNING] THREE.WebGLShadowMap: PCFSoftShadowMap has been deprecated. Using PCFShadowMap instead. @ http://localhost:5175/node_modules/.vite/deps/chunk-PLBY54L2.js?v=6bd10d75:746
[   31868ms] [WARNING] THREE.WebGLShadowMap: PCFSoftShadowMap has been deprecated. Using PCFShadowMap instead. @ http://localhost:5175/node_modules/.vite/deps/chunk-PLBY54L2.js?v=6bd10d75:746
[   31871ms] [WARNING] THREE.WebGLShadowMap: PCFSoftShadowMap has been deprecated. Using PCFShadowMap instead. @ http://localhost:5175/node_modules/.vite/deps/chunk-PLBY54L2.js?v=6bd10d75:746
[   31880ms] [WARNING] THREE.WebGLShadowMap: PCFSoftShadowMap has been deprecated. Using PCFShadowMap instead. @ http://localhost:5175/node_modules/.vite/deps/chunk-PLBY54L2.js?v=6bd10d75:746
[   31896ms] [WARNING] THREE.WebGLShadowMap: PCFSoftShadowMap has been deprecated. Using PCFShadowMap instead. @ http://localhost:5175/node_modules/.vite/deps/chunk-PLBY54L2.js?v=6bd10d75:746
[   31913ms] [WARNING] THREE.WebGLShadowMap: PCFSoftShadowMap has been deprecated. Using PCFShadowMap instead. @ http://localhost:5175/node_modules/.vite/deps/chunk-PLBY54L2.js?v=6bd10d75:746
[   31929ms] [WARNING] THREE.WebGLShadowMap: PCFSoftShadowMap has been deprecated. Using PCFShadowMap instead. @ http://localhost:5175/node_modules/.vite/deps/chunk-PLBY54L2.js?v=6bd10d75:746
[   31946ms] [WARNING] THREE.WebGLShadowMap: PCFSoftShadowMap has been deprecated. Using PCFShadowMap instead. @ http://localhost:5175/node_modules/.vite/deps/chunk-PLBY54L2.js?v=6bd10d75:746
[   31963ms] [WARNING] THREE.WebGLShadowMap: PCFSoftShadowMap has been deprecated. Using PCFShadowMap instead. @ http://localhost:5175/node_modules/.vite/deps/chunk-PLBY54L2.js?v=6bd10d75:746
[   31979ms] [WARNING] THREE.WebGLShadowMap: PCFSoftShadowMap has been deprecated. Using PCFShadowMap instead. @ http://localhost:5175/node_modules/.vite/deps/chunk-PLBY54L2.js?v=6bd10d75:746
[   31996ms] [WARNING] THREE.WebGLShadowMap: PCFSoftShadowMap has been deprecated. Using PCFShadowMap instead. @ http://localhost:5175/node_modules/.vite/deps/chunk-PLBY54L2.js?v=6bd10d75:746
[   32029ms] [WARNING] THREE.WebGLShadowMap: PCFSoftShadowMap has been deprecated. Using PCFShadowMap instead. @ http://localhost:5175/node_modules/.vite/deps/chunk-PLBY54L2.js?v=6bd10d75:746
[   32046ms] [WARNING] THREE.WebGLShadowMap: PCFSoftShadowMap has been deprecated. Using PCFShadowMap instead. @ http://localhost:5175/node_modules/.vite/deps/chunk-PLBY54L2.js?v=6bd10d75:746
[   32180ms] [WARNING] THREE.WebGLShadowMap: PCFSoftShadowMap has been deprecated. Using PCFShadowMap instead. @ http://localhost:5175/node_modules/.vite/deps/chunk-PLBY54L2.js?v=6bd10d75:746
[   32196ms] [WARNING] THREE.WebGLShadowMap: PCFSoftShadowMap has been deprecated. Using PCFShadowMap instead. @ http://localhost:5175/node_modules/.vite/deps/chunk-PLBY54L2.js?v=6bd10d75:746
[   32246ms] [WARNING] THREE.WebGLShadowMap: PCFSoftShadowMap has been deprecated. Using PCFShadowMap instead. @ http://localhost:5175/node_modules/.vite/deps/chunk-PLBY54L2.js?v=6bd10d75:746
[   32263ms] [WARNING] THREE.WebGLShadowMap: PCFSoftShadowMap has been deprecated. Using PCFShadowMap instead. @ http://localhost:5175/node_modules/.vite/deps/chunk-PLBY54L2.js?v=6bd10d75:746
[   32280ms] [WARNING] THREE.WebGLShadowMap: PCFSoftShadowMap has been deprecated. Using PCFShadowMap instead. @ http://localhost:5175/node_modules/.vite/deps/chunk-PLBY54L2.js?v=6bd10d75:746
[   32296ms] [WARNING] THREE.WebGLShadowMap: PCFSoftShadowMap has been deprecated. Using PCFShadowMap instead. @ http://localhost:5175/node_modules/.vite/deps/chunk-PLBY54L2.js?v=6bd10d75:746
[   32313ms] [WARNING] THREE.WebGLShadowMap: PCFSoftShadowMap has been deprecated. Using PCFShadowMap instead. @ http://localhost:5175/node_modules/.vite/deps/chunk-PLBY54L2.js?v=6bd10d75:746
[   32329ms] [WARNING] THREE.WebGLShadowMap: PCFSoftShadowMap has been deprecated. Using PCFShadowMap instead. @ http://localhost:5175/node_modules/.vite/deps/chunk-PLBY54L2.js?v=6bd10d75:746
[   32347ms] [WARNING] THREE.WebGLShadowMap: PCFSoftShadowMap has been deprecated. Using PCFShadowMap instead. @ http://localhost:5175/node_modules/.vite/deps/chunk-PLBY54L2.js?v=6bd10d75:746
[   32363ms] [WARNING] THREE.WebGLShadowMap: PCFSoftShadowMap has been deprecated. Using PCFShadowMap instead. @ http://localhost:5175/node_modules/.vite/deps/chunk-PLBY54L2.js?v=6bd10d75:746
[   32379ms] [WARNING] THREE.WebGLShadowMap: PCFSoftShadowMap has been deprecated. Using PCFShadowMap instead. @ http://localhost:5175/node_modules/.vite/deps/chunk-PLBY54L2.js?v=6bd10d75:746
[   32396ms] [WARNING] THREE.WebGLShadowMap: PCFSoftShadowMap has been deprecated. Using PCFShadowMap instead. @ http://localhost:5175/node_modules/.vite/deps/chunk-PLBY54L2.js?v=6bd10d75:746
[   32413ms] [WARNING] THREE.WebGLShadowMap: PCFSoftShadowMap has been deprecated. Using PCFShadowMap instead. @ http://localhost:5175/node_modules/.vite/deps/chunk-PLBY54L2.js?v=6bd10d75:746
[   32430ms] [WARNING] THREE.WebGLShadowMap: PCFSoftShadowMap has been deprecated. Using PCFShadowMap instead. @ http://localhost:5175/node_modules/.vite/deps/chunk-PLBY54L2.js?v=6bd10d75:746
[   32446ms] [WARNING] THREE.WebGLShadowMap: PCFSoftShadowMap has been deprecated. Using PCFShadowMap instead. @ http://localhost:5175/node_modules/.vite/deps/chunk-PLBY54L2.js?v=6bd10d75:746
[   32463ms] [WARNING] THREE.WebGLShadowMap: PCFSoftShadowMap has been deprecated. Using PCFShadowMap instead. @ http://localhost:5175/node_modules/.vite/deps/chunk-PLBY54L2.js?v=6bd10d75:746
[   32479ms] [WARNING] THREE.WebGLShadowMap: PCFSoftShadowMap has been deprecated. Using PCFShadowMap instead. @ http://localhost:5175/node_modules/.vite/deps/chunk-PLBY54L2.js?v=6bd10d75:746
[   32496ms] [WARNING] THREE.WebGLShadowMap: PCFSoftShadowMap has been deprecated. Using PCFShadowMap instead. @ http://localhost:5175/node_modules/.vite/deps/chunk-PLBY54L2.js?v=6bd10d75:746
[   32513ms] [WARNING] THREE.WebGLShadowMap: PCFSoftShadowMap has been deprecated. Using PCFShadowMap instead. @ http://localhost:5175/node_modules/.vite/deps/chunk-PLBY54L2.js?v=6bd10d75:746
[   32529ms] [WARNING] THREE.WebGLShadowMap: PCFSoftShadowMap has been deprecated. Using PCFShadowMap instead. @ http://localhost:5175/node_modules/.vite/deps/chunk-PLBY54L2.js?v=6bd10d75:746
[   32546ms] [WARNING] THREE.WebGLShadowMap: PCFSoftShadowMap has been deprecated. Using PCFShadowMap instead. @ http://localhost:5175/node_modules/.vite/deps/chunk-PLBY54L2.js?v=6bd10d75:746
[   32563ms] [WARNING] THREE.WebGLShadowMap: PCFSoftShadowMap has been deprecated. Using PCFShadowMap instead. @ http://localhost:5175/node_modules/.vite/deps/chunk-PLBY54L2.js?v=6bd10d75:746
[   32579ms] [WARNING] THREE.WebGLShadowMap: PCFSoftShadowMap has been deprecated. Using PCFShadowMap instead. @ http://localhost:5175/node_modules/.vite/deps/chunk-PLBY54L2.js?v=6bd10d75:746
[   32596ms] [WARNING] THREE.WebGLShadowMap: PCFSoftShadowMap has been deprecated. Using PCFShadowMap instead. @ http://localhost:5175/node_modules/.vite/deps/chunk-PLBY54L2.js?v=6bd10d75:746
[   32612ms] [WARNING] THREE.WebGLShadowMap: PCFSoftShadowMap has been deprecated. Using PCFShadowMap instead. @ http://localhost:5175/node_modules/.vite/deps/chunk-PLBY54L2.js?v=6bd10d75:746
[   32646ms] [WARNING] THREE.WebGLShadowMap: PCFSoftShadowMap has been deprecated. Using PCFShadowMap instead. @ http://localhost:5175/node_modules/.vite/deps/chunk-PLBY54L2.js?v=6bd10d75:746
[   32663ms] [WARNING] THREE.WebGLShadowMap: PCFSoftShadowMap has been deprecated. Using PCFShadowMap instead. @ http://localhost:5175/node_modules/.vite/deps/chunk-PLBY54L2.js?v=6bd10d75:746
[   32680ms] [WARNING] THREE.WebGLShadowMap: PCFSoftShadowMap has been deprecated. Using PCFShadowMap instead. @ http://localhost:5175/node_modules/.vite/deps/chunk-PLBY54L2.js?v=6bd10d75:746
[   32696ms] [WARNING] THREE.WebGLShadowMap: PCFSoftShadowMap has been deprecated. Using PCFShadowMap instead. @ http://localhost:5175/node_modules/.vite/deps/chunk-PLBY54L2.js?v=6bd10d75:746
[   32713ms] [WARNING] THREE.WebGLShadowMap: PCFSoftShadowMap has been deprecated. Using PCFShadowMap instead. @ http://localhost:5175/node_modules/.vite/deps/chunk-PLBY54L2.js?v=6bd10d75:746
[   32730ms] [WARNING] THREE.WebGLShadowMap: PCFSoftShadowMap has been deprecated. Using PCFShadowMap instead. @ http://localhost:5175/node_modules/.vite/deps/chunk-PLBY54L2.js?v=6bd10d75:746
[   32746ms] [WARNING] THREE.WebGLShadowMap: PCFSoftShadowMap has been deprecated. Using PCFShadowMap instead. @ http://localhost:5175/node_modules/.vite/deps/chunk-PLBY54L2.js?v=6bd10d75:746
[   32763ms] [WARNING] THREE.WebGLShadowMap: PCFSoftShadowMap has been deprecated. Using PCFShadowMap instead. @ http://localhost:5175/node_modules/.vite/deps/chunk-PLBY54L2.js?v=6bd10d75:746
[   32779ms] [WARNING] THREE.WebGLShadowMap: PCFSoftShadowMap has been deprecated. Using PCFShadowMap instead. @ http://localhost:5175/node_modules/.vite/deps/chunk-PLBY54L2.js?v=6bd10d75:746
[   32796ms] [WARNING] THREE.WebGLShadowMap: PCFSoftShadowMap has been deprecated. Using PCFShadowMap instead. @ http://localhost:5175/node_modules/.vite/deps/chunk-PLBY54L2.js?v=6bd10d75:746
[   32813ms] [WARNING] THREE.WebGLShadowMap: PCFSoftShadowMap has been deprecated. Using PCFShadowMap instead. @ http://localhost:5175/node_modules/.vite/deps/chunk-PLBY54L2.js?v=6bd10d75:746
[   32830ms] [WARNING] THREE.WebGLShadowMap: PCFSoftShadowMap has been deprecated. Using PCFShadowMap instead. @ http://localhost:5175/node_modules/.vite/deps/chunk-PLBY54L2.js?v=6bd10d75:746
[   32846ms] [WARNING] THREE.WebGLShadowMap: PCFSoftShadowMap has been deprecated. Using PCFShadowMap instead. @ http://localhost:5175/node_modules/.vite/deps/chunk-PLBY54L2.js?v=6bd10d75:746
[   32866ms] [WARNING] THREE.WebGLShadowMap: PCFSoftShadowMap has been deprecated. Using PCFShadowMap instead. @ http://localhost:5175/node_modules/.vite/deps/chunk-PLBY54L2.js?v=6bd10d75:746
[   32880ms] [WARNING] THREE.WebGLShadowMap: PCFSoftShadowMap has been deprecated. Using PCFShadowMap instead. @ http://localhost:5175/node_modules/.vite/deps/chunk-PLBY54L2.js?v=6bd10d75:746
[   32898ms] [WARNING] THREE.WebGLShadowMap: PCFSoftShadowMap has been deprecated. Using PCFShadowMap instead. @ http://localhost:5175/node_modules/.vite/deps/chunk-PLBY54L2.js?v=6bd10d75:746
[   32913ms] [WARNING] THREE.WebGLShadowMap: PCFSoftShadowMap has been deprecated. Using PCFShadowMap instead. @ http://localhost:5175/node_modules/.vite/deps/chunk-PLBY54L2.js?v=6bd10d75:746
[   32930ms] [WARNING] THREE.WebGLShadowMap: PCFSoftShadowMap has been deprecated. Using PCFShadowMap instead. @ http://localhost:5175/node_modules/.vite/deps/chunk-PLBY54L2.js?v=6bd10d75:746
[   32945ms] [WARNING] THREE.WebGLShadowMap: PCFSoftShadowMap has been deprecated. Using PCFShadowMap instead. @ http://localhost:5175/node_modules/.vite/deps/chunk-PLBY54L2.js?v=6bd10d75:746
[   33496ms] [WARNING] THREE.WebGLShadowMap: PCFSoftShadowMap has been deprecated. Using PCFShadowMap instead. @ http://localhost:5175/node_modules/.vite/deps/chunk-PLBY54L2.js?v=6bd10d75:746
[   33514ms] [WARNING] THREE.WebGLShadowMap: PCFSoftShadowMap has been deprecated. Using PCFShadowMap instead. @ http://localhost:5175/node_modules/.vite/deps/chunk-PLBY54L2.js?v=6bd10d75:746
[   33530ms] [WARNING] THREE.WebGLShadowMap: PCFSoftShadowMap has been deprecated. Using PCFShadowMap instead. @ http://localhost:5175/node_modules/.vite/deps/chunk-PLBY54L2.js?v=6bd10d75:746
[   33546ms] [WARNING] THREE.WebGLShadowMap: PCFSoftShadowMap has been deprecated. Using PCFShadowMap instead. @ http://localhost:5175/node_modules/.vite/deps/chunk-PLBY54L2.js?v=6bd10d75:746
[   33564ms] [WARNING] THREE.WebGLShadowMap: PCFSoftShadowMap has been deprecated. Using PCFShadowMap instead. @ http://localhost:5175/node_modules/.vite/deps/chunk-PLBY54L2.js?v=6bd10d75:746
[   33580ms] [WARNING] THREE.WebGLShadowMap: PCFSoftShadowMap has been deprecated. Using PCFShadowMap instead. @ http://localhost:5175/node_modules/.vite/deps/chunk-PLBY54L2.js?v=6bd10d75:746
[   33597ms] [WARNING] THREE.WebGLShadowMap: PCFSoftShadowMap has been deprecated. Using PCFShadowMap instead. @ http://localhost:5175/node_modules/.vite/deps/chunk-PLBY54L2.js?v=6bd10d75:746
[   33613ms] [WARNING] THREE.WebGLShadowMap: PCFSoftShadowMap has been deprecated. Using PCFShadowMap instead. @ http://localhost:5175/node_modules/.vite/deps/chunk-PLBY54L2.js?v=6bd10d75:746
[   34429ms] [WARNING] THREE.WebGLShadowMap: PCFSoftShadowMap has been deprecated. Using PCFShadowMap instead. @ http://localhost:5175/node_modules/.vite/deps/chunk-PLBY54L2.js?v=6bd10d75:746
[   35163ms] [WARNING] THREE.WebGLShadowMap: PCFSoftShadowMap has been deprecated. Using PCFShadowMap instead. @ http://localhost:5175/node_modules/.vite/deps/chunk-PLBY54L2.js?v=6bd10d75:746
[   36896ms] [WARNING] THREE.WebGLShadowMap: PCFSoftShadowMap has been deprecated. Using PCFShadowMap instead. @ http://localhost:5175/node_modules/.vite/deps/chunk-PLBY54L2.js?v=6bd10d75:746
[   37112ms] [WARNING] THREE.WebGLShadowMap: PCFSoftShadowMap has been deprecated. Using PCFShadowMap instead. @ http://localhost:5175/node_modules/.vite/deps/chunk-PLBY54L2.js?v=6bd10d75:746
[   37978ms] [WARNING] THREE.WebGLShadowMap: PCFSoftShadowMap has been deprecated. Using PCFShadowMap instead. @ http://localhost:5175/node_modules/.vite/deps/chunk-PLBY54L2.js?v=6bd10d75:746
[   38229ms] [WARNING] THREE.WebGLShadowMap: PCFSoftShadowMap has been deprecated. Using PCFShadowMap instead. @ http://localhost:5175/node_modules/.vite/deps/chunk-PLBY54L2.js?v=6bd10d75:746
[   38512ms] [WARNING] THREE.WebGLShadowMap: PCFSoftShadowMap has been deprecated. Using PCFShadowMap instead. @ http://localhost:5175/node_modules/.vite/deps/chunk-PLBY54L2.js?v=6bd10d75:746
[   38728ms] [WARNING] THREE.WebGLShadowMap: PCFSoftShadowMap has been deprecated. Using PCFShadowMap instead. @ http://localhost:5175/node_modules/.vite/deps/chunk-PLBY54L2.js?v=6bd10d75:746
[   39013ms] [WARNING] THREE.WebGLShadowMap: PCFSoftShadowMap has been deprecated. Using PCFShadowMap instead. @ http://localhost:5175/node_modules/.vite/deps/chunk-PLBY54L2.js?v=6bd10d75:746
[   39029ms] [WARNING] THREE.WebGLShadowMap: PCFSoftShadowMap has been deprecated. Using PCFShadowMap instead. @ http://localhost:5175/node_modules/.vite/deps/chunk-PLBY54L2.js?v=6bd10d75:746
[   39045ms] [WARNING] THREE.WebGLShadowMap: PCFSoftShadowMap has been deprecated. Using PCFShadowMap instead. @ http://localhost:5175/node_modules/.vite/deps/chunk-PLBY54L2.js?v=6bd10d75:746
[   39062ms] [WARNING] THREE.WebGLShadowMap: PCFSoftShadowMap has been deprecated. Using PCFShadowMap instead. @ http://localhost:5175/node_modules/.vite/deps/chunk-PLBY54L2.js?v=6bd10d75:746
[   39079ms] [WARNING] THREE.WebGLShadowMap: PCFSoftShadowMap has been deprecated. Using PCFShadowMap instead. @ http://localhost:5175/node_modules/.vite/deps/chunk-PLBY54L2.js?v=6bd10d75:746
[   39095ms] [WARNING] THREE.WebGLShadowMap: PCFSoftShadowMap has been deprecated. Using PCFShadowMap instead. @ http://localhost:5175/node_modules/.vite/deps/chunk-PLBY54L2.js?v=6bd10d75:746
[   39112ms] [WARNING] THREE.WebGLShadowMap: PCFSoftShadowMap has been deprecated. Using PCFShadowMap instead. @ http://localhost:5175/node_modules/.vite/deps/chunk-PLBY54L2.js?v=6bd10d75:746
[   39129ms] [WARNING] THREE.WebGLShadowMap: PCFSoftShadowMap has been deprecated. Using PCFShadowMap instead. @ http://localhost:5175/node_modules/.vite/deps/chunk-PLBY54L2.js?v=6bd10d75:746
[   39145ms] [WARNING] THREE.WebGLShadowMap: PCFSoftShadowMap has been deprecated. Using PCFShadowMap instead. @ http://localhost:5175/node_modules/.vite/deps/chunk-PLBY54L2.js?v=6bd10d75:746
[   39162ms] [WARNING] THREE.WebGLShadowMap: PCFSoftShadowMap has been deprecated. Using PCFShadowMap instead. @ http://localhost:5175/node_modules/.vite/deps/chunk-PLBY54L2.js?v=6bd10d75:746
[   39179ms] [WARNING] THREE.WebGLShadowMap: PCFSoftShadowMap has been deprecated. Using PCFShadowMap instead. @ http://localhost:5175/node_modules/.vite/deps/chunk-PLBY54L2.js?v=6bd10d75:746
[   39195ms] [WARNING] THREE.WebGLShadowMap: PCFSoftShadowMap has been deprecated. Using PCFShadowMap instead. @ http://localhost:5175/node_modules/.vite/deps/chunk-PLBY54L2.js?v=6bd10d75:746
[   39212ms] [WARNING] THREE.WebGLShadowMap: PCFSoftShadowMap has been deprecated. Using PCFShadowMap instead. @ http://localhost:5175/node_modules/.vite/deps/chunk-PLBY54L2.js?v=6bd10d75:746
[   39229ms] [WARNING] THREE.WebGLShadowMap: PCFSoftShadowMap has been deprecated. Using PCFShadowMap instead. @ http://localhost:5175/node_modules/.vite/deps/chunk-PLBY54L2.js?v=6bd10d75:746
[   39246ms] [WARNING] THREE.WebGLShadowMap: PCFSoftShadowMap has been deprecated. Using PCFShadowMap instead. @ http://localhost:5175/node_modules/.vite/deps/chunk-PLBY54L2.js?v=6bd10d75:746
[   39262ms] [WARNING] THREE.WebGLShadowMap: PCFSoftShadowMap has been deprecated. Using PCFShadowMap instead. @ http://localhost:5175/node_modules/.vite/deps/chunk-PLBY54L2.js?v=6bd10d75:746
[   39278ms] [WARNING] THREE.WebGLShadowMap: PCFSoftShadowMap has been deprecated. Using PCFShadowMap instead. @ http://localhost:5175/node_modules/.vite/deps/chunk-PLBY54L2.js?v=6bd10d75:746
[   39312ms] [WARNING] THREE.WebGLShadowMap: PCFSoftShadowMap has been deprecated. Using PCFShadowMap instead. @ http://localhost:5175/node_modules/.vite/deps/chunk-PLBY54L2.js?v=6bd10d75:746
[   39329ms] [WARNING] THREE.WebGLShadowMap: PCFSoftShadowMap has been deprecated. Using PCFShadowMap instead. @ http://localhost:5175/node_modules/.vite/deps/chunk-PLBY54L2.js?v=6bd10d75:746
[   39345ms] [WARNING] THREE.WebGLShadowMap: PCFSoftShadowMap has been deprecated. Using PCFShadowMap instead. @ http://localhost:5175/node_modules/.vite/deps/chunk-PLBY54L2.js?v=6bd10d75:746
[   39361ms] [WARNING] THREE.WebGLShadowMap: PCFSoftShadowMap has been deprecated. Using PCFShadowMap instead. @ http://localhost:5175/node_modules/.vite/deps/chunk-PLBY54L2.js?v=6bd10d75:746
[   39395ms] [WARNING] THREE.WebGLShadowMap: PCFSoftShadowMap has been deprecated. Using PCFShadowMap instead. @ http://localhost:5175/node_modules/.vite/deps/chunk-PLBY54L2.js?v=6bd10d75:746
[   39412ms] [WARNING] THREE.WebGLShadowMap: PCFSoftShadowMap has been deprecated. Using PCFShadowMap instead. @ http://localhost:5175/node_modules/.vite/deps/chunk-PLBY54L2.js?v=6bd10d75:746
[   39429ms] [WARNING] THREE.WebGLShadowMap: PCFSoftShadowMap has been deprecated. Using PCFShadowMap instead. @ http://localhost:5175/node_modules/.vite/deps/chunk-PLBY54L2.js?v=6bd10d75:746
[   39445ms] [WARNING] THREE.WebGLShadowMap: PCFSoftShadowMap has been deprecated. Using PCFShadowMap instead. @ http://localhost:5175/node_modules/.vite/deps/chunk-PLBY54L2.js?v=6bd10d75:746
[   39462ms] [WARNING] THREE.WebGLShadowMap: PCFSoftShadowMap has been deprecated. Using PCFShadowMap instead. @ http://localhost:5175/node_modules/.vite/deps/chunk-PLBY54L2.js?v=6bd10d75:746
[   39479ms] [WARNING] THREE.WebGLShadowMap: PCFSoftShadowMap has been deprecated. Using PCFShadowMap instead. @ http://localhost:5175/node_modules/.vite/deps/chunk-PLBY54L2.js?v=6bd10d75:746
[   39495ms] [WARNING] THREE.WebGLShadowMap: PCFSoftShadowMap has been deprecated. Using PCFShadowMap instead. @ http://localhost:5175/node_modules/.vite/deps/chunk-PLBY54L2.js?v=6bd10d75:746
[   39512ms] [WARNING] THREE.WebGLShadowMap: PCFSoftShadowMap has been deprecated. Using PCFShadowMap instead. @ http://localhost:5175/node_modules/.vite/deps/chunk-PLBY54L2.js?v=6bd10d75:746
[   39529ms] [WARNING] THREE.WebGLShadowMap: PCFSoftShadowMap has been deprecated. Using PCFShadowMap instead. @ http://localhost:5175/node_modules/.vite/deps/chunk-PLBY54L2.js?v=6bd10d75:746
[   39546ms] [WARNING] THREE.WebGLShadowMap: PCFSoftShadowMap has been deprecated. Using PCFShadowMap instead. @ http://localhost:5175/node_modules/.vite/deps/chunk-PLBY54L2.js?v=6bd10d75:746
[   39562ms] [WARNING] THREE.WebGLShadowMap: PCFSoftShadowMap has been deprecated. Using PCFShadowMap instead. @ http://localhost:5175/node_modules/.vite/deps/chunk-PLBY54L2.js?v=6bd10d75:746
[   39578ms] [WARNING] THREE.WebGLShadowMap: PCFSoftShadowMap has been deprecated. Using PCFShadowMap instead. @ http://localhost:5175/node_modules/.vite/deps/chunk-PLBY54L2.js?v=6bd10d75:746
[   39595ms] [WARNING] THREE.WebGLShadowMap: PCFSoftShadowMap has been deprecated. Using PCFShadowMap instead. @ http://localhost:5175/node_modules/.vite/deps/chunk-PLBY54L2.js?v=6bd10d75:746
[   39612ms] [WARNING] THREE.WebGLShadowMap: PCFSoftShadowMap has been deprecated. Using PCFShadowMap instead. @ http://localhost:5175/node_modules/.vite/deps/chunk-PLBY54L2.js?v=6bd10d75:746
[   39629ms] [WARNING] THREE.WebGLShadowMap: PCFSoftShadowMap has been deprecated. Using PCFShadowMap instead. @ http://localhost:5175/node_modules/.vite/deps/chunk-PLBY54L2.js?v=6bd10d75:746
[   39645ms] [WARNING] THREE.WebGLShadowMap: PCFSoftShadowMap has been deprecated. Using PCFShadowMap instead. @ http://localhost:5175/node_modules/.vite/deps/chunk-PLBY54L2.js?v=6bd10d75:746
[   39662ms] [WARNING] THREE.WebGLShadowMap: PCFSoftShadowMap has been deprecated. Using PCFShadowMap instead. @ http://localhost:5175/node_modules/.vite/deps/chunk-PLBY54L2.js?v=6bd10d75:746
[   39679ms] [WARNING] THREE.WebGLShadowMap: PCFSoftShadowMap has been deprecated. Using PCFShadowMap instead. @ http://localhost:5175/node_modules/.vite/deps/chunk-PLBY54L2.js?v=6bd10d75:746
[   39695ms] [WARNING] THREE.WebGLShadowMap: PCFSoftShadowMap has been deprecated. Using PCFShadowMap instead. @ http://localhost:5175/node_modules/.vite/deps/chunk-PLBY54L2.js?v=6bd10d75:746
[   39712ms] [WARNING] THREE.WebGLShadowMap: PCFSoftShadowMap has been deprecated. Using PCFShadowMap instead. @ http://localhost:5175/node_modules/.vite/deps/chunk-PLBY54L2.js?v=6bd10d75:746
[   39728ms] [WARNING] THREE.WebGLShadowMap: PCFSoftShadowMap has been deprecated. Using PCFShadowMap instead. @ http://localhost:5175/node_modules/.vite/deps/chunk-PLBY54L2.js?v=6bd10d75:746
[   39745ms] [WARNING] THREE.WebGLShadowMap: PCFSoftShadowMap has been deprecated. Using PCFShadowMap instead. @ http://localhost:5175/node_modules/.vite/deps/chunk-PLBY54L2.js?v=6bd10d75:746
[   39762ms] [WARNING] THREE.WebGLShadowMap: PCFSoftShadowMap has been deprecated. Using PCFShadowMap instead. @ http://localhost:5175/node_modules/.vite/deps/chunk-PLBY54L2.js?v=6bd10d75:746
[   39779ms] [WARNING] THREE.WebGLShadowMap: PCFSoftShadowMap has been deprecated. Using PCFShadowMap instead. @ http://localhost:5175/node_modules/.vite/deps/chunk-PLBY54L2.js?v=6bd10d75:746
[   39796ms] [WARNING] THREE.WebGLShadowMap: PCFSoftShadowMap has been deprecated. Using PCFShadowMap instead. @ http://localhost:5175/node_modules/.vite/deps/chunk-PLBY54L2.js?v=6bd10d75:746
[   39812ms] [WARNING] THREE.WebGLShadowMap: PCFSoftShadowMap has been deprecated. Using PCFShadowMap instead. @ http://localhost:5175/node_modules/.vite/deps/chunk-PLBY54L2.js?v=6bd10d75:746
[   39829ms] [WARNING] THREE.WebGLShadowMap: PCFSoftShadowMap has been deprecated. Using PCFShadowMap instead. @ http://localhost:5175/node_modules/.vite/deps/chunk-PLBY54L2.js?v=6bd10d75:746
[   39845ms] [WARNING] THREE.WebGLShadowMap: PCFSoftShadowMap has been deprecated. Using PCFShadowMap instead. @ http://localhost:5175/node_modules/.vite/deps/chunk-PLBY54L2.js?v=6bd10d75:746
[   39862ms] [WARNING] THREE.WebGLShadowMap: PCFSoftShadowMap has been deprecated. Using PCFShadowMap instead. @ http://localhost:5175/node_modules/.vite/deps/chunk-PLBY54L2.js?v=6bd10d75:746
[   39879ms] [WARNING] THREE.WebGLShadowMap: PCFSoftShadowMap has been deprecated. Using PCFShadowMap instead. @ http://localhost:5175/node_modules/.vite/deps/chunk-PLBY54L2.js?v=6bd10d75:746
[   39895ms] [WARNING] THREE.WebGLShadowMap: PCFSoftShadowMap has been deprecated. Using PCFShadowMap instead. @ http://localhost:5175/node_modules/.vite/deps/chunk-PLBY54L2.js?v=6bd10d75:746
[   39912ms] [WARNING] THREE.WebGLShadowMap: PCFSoftShadowMap has been deprecated. Using PCFShadowMap instead. @ http://localhost:5175/node_modules/.vite/deps/chunk-PLBY54L2.js?v=6bd10d75:746
[   39929ms] [WARNING] THREE.WebGLShadowMap: PCFSoftShadowMap has been deprecated. Using PCFShadowMap instead. @ http://localhost:5175/node_modules/.vite/deps/chunk-PLBY54L2.js?v=6bd10d75:746
[   39945ms] [WARNING] THREE.WebGLShadowMap: PCFSoftShadowMap has been deprecated. Using PCFShadowMap instead. @ http://localhost:5175/node_modules/.vite/deps/chunk-PLBY54L2.js?v=6bd10d75:746
[   39962ms] [WARNING] THREE.WebGLShadowMap: PCFSoftShadowMap has been deprecated. Using PCFShadowMap instead. @ http://localhost:5175/node_modules/.vite/deps/chunk-PLBY54L2.js?v=6bd10d75:746
[   39979ms] [WARNING] THREE.WebGLShadowMap: PCFSoftShadowMap has been deprecated. Using PCFShadowMap instead. @ http://localhost:5175/node_modules/.vite/deps/chunk-PLBY54L2.js?v=6bd10d75:746
[   39995ms] [WARNING] THREE.WebGLShadowMap: PCFSoftShadowMap has been deprecated. Using PCFShadowMap instead. @ http://localhost:5175/node_modules/.vite/deps/chunk-PLBY54L2.js?v=6bd10d75:746
[   40012ms] [WARNING] THREE.WebGLShadowMap: PCFSoftShadowMap has been deprecated. Using PCFShadowMap instead. @ http://localhost:5175/node_modules/.vite/deps/chunk-PLBY54L2.js?v=6bd10d75:746
[   40029ms] [WARNING] THREE.WebGLShadowMap: PCFSoftShadowMap has been deprecated. Using PCFShadowMap instead. @ http://localhost:5175/node_modules/.vite/deps/chunk-PLBY54L2.js?v=6bd10d75:746
[   40045ms] [WARNING] THREE.WebGLShadowMap: PCFSoftShadowMap has been deprecated. Using PCFShadowMap instead. @ http://localhost:5175/node_modules/.vite/deps/chunk-PLBY54L2.js?v=6bd10d75:746
[   40062ms] [WARNING] THREE.WebGLShadowMap: PCFSoftShadowMap has been deprecated. Using PCFShadowMap instead. @ http://localhost:5175/node_modules/.vite/deps/chunk-PLBY54L2.js?v=6bd10d75:746
[   40078ms] [WARNING] THREE.WebGLShadowMap: PCFSoftShadowMap has been deprecated. Using PCFShadowMap instead. @ http://localhost:5175/node_modules/.vite/deps/chunk-PLBY54L2.js?v=6bd10d75:746
[   40095ms] [WARNING] THREE.WebGLShadowMap: PCFSoftShadowMap has been deprecated. Using PCFShadowMap instead. @ http://localhost:5175/node_modules/.vite/deps/chunk-PLBY54L2.js?v=6bd10d75:746
[   40112ms] [WARNING] THREE.WebGLShadowMap: PCFSoftShadowMap has been deprecated. Using PCFShadowMap instead. @ http://localhost:5175/node_modules/.vite/deps/chunk-PLBY54L2.js?v=6bd10d75:746
[   40128ms] [WARNING] THREE.WebGLShadowMap: PCFSoftShadowMap has been deprecated. Using PCFShadowMap instead. @ http://localhost:5175/node_modules/.vite/deps/chunk-PLBY54L2.js?v=6bd10d75:746
[   40145ms] [WARNING] THREE.WebGLShadowMap: PCFSoftShadowMap has been deprecated. Using PCFShadowMap instead. @ http://localhost:5175/node_modules/.vite/deps/chunk-PLBY54L2.js?v=6bd10d75:746
[   40162ms] [WARNING] THREE.WebGLShadowMap: PCFSoftShadowMap has been deprecated. Using PCFShadowMap instead. @ http://localhost:5175/node_modules/.vite/deps/chunk-PLBY54L2.js?v=6bd10d75:746
[   40179ms] [WARNING] THREE.WebGLShadowMap: PCFSoftShadowMap has been deprecated. Using PCFShadowMap instead. @ http://localhost:5175/node_modules/.vite/deps/chunk-PLBY54L2.js?v=6bd10d75:746
[   40195ms] [WARNING] THREE.WebGLShadowMap: PCFSoftShadowMap has been deprecated. Using PCFShadowMap instead. @ http://localhost:5175/node_modules/.vite/deps/chunk-PLBY54L2.js?v=6bd10d75:746
[   40212ms] [WARNING] THREE.WebGLShadowMap: PCFSoftShadowMap has been deprecated. Using PCFShadowMap instead. @ http://localhost:5175/node_modules/.vite/deps/chunk-PLBY54L2.js?v=6bd10d75:746
[   40228ms] [WARNING] THREE.WebGLShadowMap: PCFSoftShadowMap has been deprecated. Using PCFShadowMap instead. @ http://localhost:5175/node_modules/.vite/deps/chunk-PLBY54L2.js?v=6bd10d75:746
[   40245ms] [WARNING] THREE.WebGLShadowMap: PCFSoftShadowMap has been deprecated. Using PCFShadowMap instead. @ http://localhost:5175/node_modules/.vite/deps/chunk-PLBY54L2.js?v=6bd10d75:746
[   40262ms] [WARNING] THREE.WebGLShadowMap: PCFSoftShadowMap has been deprecated. Using PCFShadowMap instead. @ http://localhost:5175/node_modules/.vite/deps/chunk-PLBY54L2.js?v=6bd10d75:746
[   40278ms] [WARNING] THREE.WebGLShadowMap: PCFSoftShadowMap has been deprecated. Using PCFShadowMap instead. @ http://localhost:5175/node_modules/.vite/deps/chunk-PLBY54L2.js?v=6bd10d75:746
[   40295ms] [WARNING] THREE.WebGLShadowMap: PCFSoftShadowMap has been deprecated. Using PCFShadowMap instead. @ http://localhost:5175/node_modules/.vite/deps/chunk-PLBY54L2.js?v=6bd10d75:746
[   40312ms] [WARNING] THREE.WebGLShadowMap: PCFSoftShadowMap has been deprecated. Using PCFShadowMap instead. @ http://localhost:5175/node_modules/.vite/deps/chunk-PLBY54L2.js?v=6bd10d75:746
[   40329ms] [WARNING] THREE.WebGLShadowMap: PCFSoftShadowMap has been deprecated. Using PCFShadowMap instead. @ http://localhost:5175/node_modules/.vite/deps/chunk-PLBY54L2.js?v=6bd10d75:746
[   40345ms] [WARNING] THREE.WebGLShadowMap: PCFSoftShadowMap has been deprecated. Using PCFShadowMap instead. @ http://localhost:5175/node_modules/.vite/deps/chunk-PLBY54L2.js?v=6bd10d75:746
[   40362ms] [WARNING] THREE.WebGLShadowMap: PCFSoftShadowMap has been deprecated. Using PCFShadowMap instead. @ http://localhost:5175/node_modules/.vite/deps/chunk-PLBY54L2.js?v=6bd10d75:746
[   40379ms] [WARNING] THREE.WebGLShadowMap: PCFSoftShadowMap has been deprecated. Using PCFShadowMap instead. @ http://localhost:5175/node_modules/.vite/deps/chunk-PLBY54L2.js?v=6bd10d75:746
[   40395ms] [WARNING] THREE.WebGLShadowMap: PCFSoftShadowMap has been deprecated. Using PCFShadowMap instead. @ http://localhost:5175/node_modules/.vite/deps/chunk-PLBY54L2.js?v=6bd10d75:746
[   40412ms] [WARNING] THREE.WebGLShadowMap: PCFSoftShadowMap has been deprecated. Using PCFShadowMap instead. @ http://localhost:5175/node_modules/.vite/deps/chunk-PLBY54L2.js?v=6bd10d75:746
[   40428ms] [WARNING] THREE.WebGLShadowMap: PCFSoftShadowMap has been deprecated. Using PCFShadowMap instead. @ http://localhost:5175/node_modules/.vite/deps/chunk-PLBY54L2.js?v=6bd10d75:746
[   40445ms] [WARNING] THREE.WebGLShadowMap: PCFSoftShadowMap has been deprecated. Using PCFShadowMap instead. @ http://localhost:5175/node_modules/.vite/deps/chunk-PLBY54L2.js?v=6bd10d75:746
[   40462ms] [WARNING] THREE.WebGLShadowMap: PCFSoftShadowMap has been deprecated. Using PCFShadowMap instead. @ http://localhost:5175/node_modules/.vite/deps/chunk-PLBY54L2.js?v=6bd10d75:746
[   40478ms] [WARNING] THREE.WebGLShadowMap: PCFSoftShadowMap has been deprecated. Using PCFShadowMap instead. @ http://localhost:5175/node_modules/.vite/deps/chunk-PLBY54L2.js?v=6bd10d75:746
[   40495ms] [WARNING] THREE.WebGLShadowMap: PCFSoftShadowMap has been deprecated. Using PCFShadowMap instead. @ http://localhost:5175/node_modules/.vite/deps/chunk-PLBY54L2.js?v=6bd10d75:746
[   40512ms] [WARNING] THREE.WebGLShadowMap: PCFSoftShadowMap has been deprecated. Using PCFShadowMap instead. @ http://localhost:5175/node_modules/.vite/deps/chunk-PLBY54L2.js?v=6bd10d75:746
[   40529ms] [WARNING] THREE.WebGLShadowMap: PCFSoftShadowMap has been deprecated. Using PCFShadowMap instead. @ http://localhost:5175/node_modules/.vite/deps/chunk-PLBY54L2.js?v=6bd10d75:746
[   40545ms] [WARNING] THREE.WebGLShadowMap: PCFSoftShadowMap has been deprecated. Using PCFShadowMap instead. @ http://localhost:5175/node_modules/.vite/deps/chunk-PLBY54L2.js?v=6bd10d75:746
[   40562ms] [WARNING] THREE.WebGLShadowMap: PCFSoftShadowMap has been deprecated. Using PCFShadowMap instead. @ http://localhost:5175/node_modules/.vite/deps/chunk-PLBY54L2.js?v=6bd10d75:746
[   40578ms] [WARNING] THREE.WebGLShadowMap: PCFSoftShadowMap has been deprecated. Using PCFShadowMap instead. @ http://localhost:5175/node_modules/.vite/deps/chunk-PLBY54L2.js?v=6bd10d75:746
[   40595ms] [WARNING] THREE.WebGLShadowMap: PCFSoftShadowMap has been deprecated. Using PCFShadowMap instead. @ http://localhost:5175/node_modules/.vite/deps/chunk-PLBY54L2.js?v=6bd10d75:746
[   40612ms] [WARNING] THREE.WebGLShadowMap: PCFSoftShadowMap has been deprecated. Using PCFShadowMap instead. @ http://localhost:5175/node_modules/.vite/deps/chunk-PLBY54L2.js?v=6bd10d75:746
[   40628ms] [WARNING] THREE.WebGLShadowMap: PCFSoftShadowMap has been deprecated. Using PCFShadowMap instead. @ http://localhost:5175/node_modules/.vite/deps/chunk-PLBY54L2.js?v=6bd10d75:746
[   40645ms] [WARNING] THREE.WebGLShadowMap: PCFSoftShadowMap has been deprecated. Using PCFShadowMap instead. @ http://localhost:5175/node_modules/.vite/deps/chunk-PLBY54L2.js?v=6bd10d75:746
[   40662ms] [WARNING] THREE.WebGLShadowMap: PCFSoftShadowMap has been deprecated. Using PCFShadowMap instead. @ http://localhost:5175/node_modules/.vite/deps/chunk-PLBY54L2.js?v=6bd10d75:746
[   40679ms] [WARNING] THREE.WebGLShadowMap: PCFSoftShadowMap has been deprecated. Using PCFShadowMap instead. @ http://localhost:5175/node_modules/.vite/deps/chunk-PLBY54L2.js?v=6bd10d75:746
[   40696ms] [WARNING] THREE.WebGLShadowMap: PCFSoftShadowMap has been deprecated. Using PCFShadowMap instead. @ http://localhost:5175/node_modules/.vite/deps/chunk-PLBY54L2.js?v=6bd10d75:746
[   40712ms] [WARNING] THREE.WebGLShadowMap: PCFSoftShadowMap has been deprecated. Using PCFShadowMap instead. @ http://localhost:5175/node_modules/.vite/deps/chunk-PLBY54L2.js?v=6bd10d75:746
[   40729ms] [WARNING] THREE.WebGLShadowMap: PCFSoftShadowMap has been deprecated. Using PCFShadowMap instead. @ http://localhost:5175/node_modules/.vite/deps/chunk-PLBY54L2.js?v=6bd10d75:746
[   40745ms] [WARNING] THREE.WebGLShadowMap: PCFSoftShadowMap has been deprecated. Using PCFShadowMap instead. @ http://localhost:5175/node_modules/.vite/deps/chunk-PLBY54L2.js?v=6bd10d75:746
[   40762ms] [WARNING] THREE.WebGLShadowMap: PCFSoftShadowMap has been deprecated. Using PCFShadowMap instead. @ http://localhost:5175/node_modules/.vite/deps/chunk-PLBY54L2.js?v=6bd10d75:746
[   40778ms] [WARNING] THREE.WebGLShadowMap: PCFSoftShadowMap has been deprecated. Using PCFShadowMap instead. @ http://localhost:5175/node_modules/.vite/deps/chunk-PLBY54L2.js?v=6bd10d75:746
[   40796ms] [WARNING] THREE.WebGLShadowMap: PCFSoftShadowMap has been deprecated. Using PCFShadowMap instead. @ http://localhost:5175/node_modules/.vite/deps/chunk-PLBY54L2.js?v=6bd10d75:746
[   40812ms] [WARNING] THREE.WebGLShadowMap: PCFSoftShadowMap has been deprecated. Using PCFShadowMap instead. @ http://localhost:5175/node_modules/.vite/deps/chunk-PLBY54L2.js?v=6bd10d75:746
[   40828ms] [WARNING] THREE.WebGLShadowMap: PCFSoftShadowMap has been deprecated. Using PCFShadowMap instead. @ http://localhost:5175/node_modules/.vite/deps/chunk-PLBY54L2.js?v=6bd10d75:746
[   40846ms] [WARNING] THREE.WebGLShadowMap: PCFSoftShadowMap has been deprecated. Using PCFShadowMap instead. @ http://localhost:5175/node_modules/.vite/deps/chunk-PLBY54L2.js?v=6bd10d75:746
[   40862ms] [WARNING] THREE.WebGLShadowMap: PCFSoftShadowMap has been deprecated. Using PCFShadowMap instead. @ http://localhost:5175/node_modules/.vite/deps/chunk-PLBY54L2.js?v=6bd10d75:746
[   40878ms] [WARNING] THREE.WebGLShadowMap: PCFSoftShadowMap has been deprecated. Using PCFShadowMap instead. @ http://localhost:5175/node_modules/.vite/deps/chunk-PLBY54L2.js?v=6bd10d75:746
[   40895ms] [WARNING] THREE.WebGLShadowMap: PCFSoftShadowMap has been deprecated. Using PCFShadowMap instead. @ http://localhost:5175/node_modules/.vite/deps/chunk-PLBY54L2.js?v=6bd10d75:746
[   40912ms] [WARNING] THREE.WebGLShadowMap: PCFSoftShadowMap has been deprecated. Using PCFShadowMap instead. @ http://localhost:5175/node_modules/.vite/deps/chunk-PLBY54L2.js?v=6bd10d75:746
[   40929ms] [WARNING] THREE.WebGLShadowMap: PCFSoftShadowMap has been deprecated. Using PCFShadowMap instead. @ http://localhost:5175/node_modules/.vite/deps/chunk-PLBY54L2.js?v=6bd10d75:746
[   40945ms] [WARNING] THREE.WebGLShadowMap: PCFSoftShadowMap has been deprecated. Using PCFShadowMap instead. @ http://localhost:5175/node_modules/.vite/deps/chunk-PLBY54L2.js?v=6bd10d75:746
[   40962ms] [WARNING] THREE.WebGLShadowMap: PCFSoftShadowMap has been deprecated. Using PCFShadowMap instead. @ http://localhost:5175/node_modules/.vite/deps/chunk-PLBY54L2.js?v=6bd10d75:746
[   40978ms] [WARNING] THREE.WebGLShadowMap: PCFSoftShadowMap has been deprecated. Using PCFShadowMap instead. @ http://localhost:5175/node_modules/.vite/deps/chunk-PLBY54L2.js?v=6bd10d75:746
[   40996ms] [WARNING] THREE.WebGLShadowMap: PCFSoftShadowMap has been deprecated. Using PCFShadowMap instead. @ http://localhost:5175/node_modules/.vite/deps/chunk-PLBY54L2.js?v=6bd10d75:746
[   41012ms] [WARNING] THREE.WebGLShadowMap: PCFSoftShadowMap has been deprecated. Using PCFShadowMap instead. @ http://localhost:5175/node_modules/.vite/deps/chunk-PLBY54L2.js?v=6bd10d75:746
[   41028ms] [WARNING] THREE.WebGLShadowMap: PCFSoftShadowMap has been deprecated. Using PCFShadowMap instead. @ http://localhost:5175/node_modules/.vite/deps/chunk-PLBY54L2.js?v=6bd10d75:746
[   41045ms] [WARNING] THREE.WebGLShadowMap: PCFSoftShadowMap has been deprecated. Using PCFShadowMap instead. @ http://localhost:5175/node_modules/.vite/deps/chunk-PLBY54L2.js?v=6bd10d75:746
[   41062ms] [WARNING] THREE.WebGLShadowMap: PCFSoftShadowMap has been deprecated. Using PCFShadowMap instead. @ http://localhost:5175/node_modules/.vite/deps/chunk-PLBY54L2.js?v=6bd10d75:746
[   41079ms] [WARNING] THREE.WebGLShadowMap: PCFSoftShadowMap has been deprecated. Using PCFShadowMap instead. @ http://localhost:5175/node_modules/.vite/deps/chunk-PLBY54L2.js?v=6bd10d75:746
[   41095ms] [WARNING] THREE.WebGLShadowMap: PCFSoftShadowMap has been deprecated. Using PCFShadowMap instead. @ http://localhost:5175/node_modules/.vite/deps/chunk-PLBY54L2.js?v=6bd10d75:746
[   41112ms] [WARNING] THREE.WebGLShadowMap: PCFSoftShadowMap has been deprecated. Using PCFShadowMap instead. @ http://localhost:5175/node_modules/.vite/deps/chunk-PLBY54L2.js?v=6bd10d75:746
[   41128ms] [WARNING] THREE.WebGLShadowMap: PCFSoftShadowMap has been deprecated. Using PCFShadowMap instead. @ http://localhost:5175/node_modules/.vite/deps/chunk-PLBY54L2.js?v=6bd10d75:746
[   41145ms] [WARNING] THREE.WebGLShadowMap: PCFSoftShadowMap has been deprecated. Using PCFShadowMap instead. @ http://localhost:5175/node_modules/.vite/deps/chunk-PLBY54L2.js?v=6bd10d75:746
[   41162ms] [WARNING] THREE.WebGLShadowMap: PCFSoftShadowMap has been deprecated. Using PCFShadowMap instead. @ http://localhost:5175/node_modules/.vite/deps/chunk-PLBY54L2.js?v=6bd10d75:746
[   41178ms] [WARNING] THREE.WebGLShadowMap: PCFSoftShadowMap has been deprecated. Using PCFShadowMap instead. @ http://localhost:5175/node_modules/.vite/deps/chunk-PLBY54L2.js?v=6bd10d75:746
[   41195ms] [WARNING] THREE.WebGLShadowMap: PCFSoftShadowMap has been deprecated. Using PCFShadowMap instead. @ http://localhost:5175/node_modules/.vite/deps/chunk-PLBY54L2.js?v=6bd10d75:746
[   41212ms] [WARNING] THREE.WebGLShadowMap: PCFSoftShadowMap has been deprecated. Using PCFShadowMap instead. @ http://localhost:5175/node_modules/.vite/deps/chunk-PLBY54L2.js?v=6bd10d75:746
[   41229ms] [WARNING] THREE.WebGLShadowMap: PCFSoftShadowMap has been deprecated. Using PCFShadowMap instead. @ http://localhost:5175/node_modules/.vite/deps/chunk-PLBY54L2.js?v=6bd10d75:746
[   41245ms] [WARNING] THREE.WebGLShadowMap: PCFSoftShadowMap has been deprecated. Using PCFShadowMap instead. @ http://localhost:5175/node_modules/.vite/deps/chunk-PLBY54L2.js?v=6bd10d75:746
[   41262ms] [WARNING] THREE.WebGLShadowMap: PCFSoftShadowMap has been deprecated. Using PCFShadowMap instead. @ http://localhost:5175/node_modules/.vite/deps/chunk-PLBY54L2.js?v=6bd10d75:746
[   41279ms] [WARNING] THREE.WebGLShadowMap: PCFSoftShadowMap has been deprecated. Using PCFShadowMap instead. @ http://localhost:5175/node_modules/.vite/deps/chunk-PLBY54L2.js?v=6bd10d75:746
[   41295ms] [WARNING] THREE.WebGLShadowMap: PCFSoftShadowMap has been deprecated. Using PCFShadowMap instead. @ http://localhost:5175/node_modules/.vite/deps/chunk-PLBY54L2.js?v=6bd10d75:746
[   41312ms] [WARNING] THREE.WebGLShadowMap: PCFSoftShadowMap has been deprecated. Using PCFShadowMap instead. @ http://localhost:5175/node_modules/.vite/deps/chunk-PLBY54L2.js?v=6bd10d75:746
[   41328ms] [WARNING] THREE.WebGLShadowMap: PCFSoftShadowMap has been deprecated. Using PCFShadowMap instead. @ http://localhost:5175/node_modules/.vite/deps/chunk-PLBY54L2.js?v=6bd10d75:746
[   41345ms] [WARNING] THREE.WebGLShadowMap: PCFSoftShadowMap has been deprecated. Using PCFShadowMap instead. @ http://localhost:5175/node_modules/.vite/deps/chunk-PLBY54L2.js?v=6bd10d75:746
[   41362ms] [WARNING] THREE.WebGLShadowMap: PCFSoftShadowMap has been deprecated. Using PCFShadowMap instead. @ http://localhost:5175/node_modules/.vite/deps/chunk-PLBY54L2.js?v=6bd10d75:746
[   41378ms] [WARNING] THREE.WebGLShadowMap: PCFSoftShadowMap has been deprecated. Using PCFShadowMap instead. @ http://localhost:5175/node_modules/.vite/deps/chunk-PLBY54L2.js?v=6bd10d75:746
[   41395ms] [WARNING] THREE.WebGLShadowMap: PCFSoftShadowMap has been deprecated. Using PCFShadowMap instead. @ http://localhost:5175/node_modules/.vite/deps/chunk-PLBY54L2.js?v=6bd10d75:746
[   41411ms] [WARNING] THREE.WebGLShadowMap: PCFSoftShadowMap has been deprecated. Using PCFShadowMap instead. @ http://localhost:5175/node_modules/.vite/deps/chunk-PLBY54L2.js?v=6bd10d75:746
[   41428ms] [WARNING] THREE.WebGLShadowMap: PCFSoftShadowMap has been deprecated. Using PCFShadowMap instead. @ http://localhost:5175/node_modules/.vite/deps/chunk-PLBY54L2.js?v=6bd10d75:746
[   41445ms] [WARNING] THREE.WebGLShadowMap: PCFSoftShadowMap has been deprecated. Using PCFShadowMap instead. @ http://localhost:5175/node_modules/.vite/deps/chunk-PLBY54L2.js?v=6bd10d75:746
[   41462ms] [WARNING] THREE.WebGLShadowMap: PCFSoftShadowMap has been deprecated. Using PCFShadowMap instead. @ http://localhost:5175/node_modules/.vite/deps/chunk-PLBY54L2.js?v=6bd10d75:746
[   41478ms] [WARNING] THREE.WebGLShadowMap: PCFSoftShadowMap has been deprecated. Using PCFShadowMap instead. @ http://localhost:5175/node_modules/.vite/deps/chunk-PLBY54L2.js?v=6bd10d75:746
[   41495ms] [WARNING] THREE.WebGLShadowMap: PCFSoftShadowMap has been deprecated. Using PCFShadowMap instead. @ http://localhost:5175/node_modules/.vite/deps/chunk-PLBY54L2.js?v=6bd10d75:746
[   41512ms] [WARNING] THREE.WebGLShadowMap: PCFSoftShadowMap has been deprecated. Using PCFShadowMap instead. @ http://localhost:5175/node_modules/.vite/deps/chunk-PLBY54L2.js?v=6bd10d75:746
[   41528ms] [WARNING] THREE.WebGLShadowMap: PCFSoftShadowMap has been deprecated. Using PCFShadowMap instead. @ http://localhost:5175/node_modules/.vite/deps/chunk-PLBY54L2.js?v=6bd10d75:746
[   42114ms] [WARNING] THREE.WebGLShadowMap: PCFSoftShadowMap has been deprecated. Using PCFShadowMap instead. @ http://localhost:5175/node_modules/.vite/deps/chunk-PLBY54L2.js?v=6bd10d75:746
[   42262ms] [WARNING] THREE.WebGLShadowMap: PCFSoftShadowMap has been deprecated. Using PCFShadowMap instead. @ http://localhost:5175/node_modules/.vite/deps/chunk-PLBY54L2.js?v=6bd10d75:746
[  691552ms] ReferenceError: HeroSculpture is not defined
    at Hero (http://localhost:5175/src/components/sections/hero.tsx?t=1779759089684:75:32)
    at renderWithHooks (http://localhost:5175/node_modules/.vite/deps/chunk-NXESFFTV.js?v=6bd10d75:11596:26)
    at updateFunctionComponent (http://localhost:5175/node_modules/.vite/deps/chunk-NXESFFTV.js?v=6bd10d75:14630:28)
    at beginWork (http://localhost:5175/node_modules/.vite/deps/chunk-NXESFFTV.js?v=6bd10d75:15972:22)
    at HTMLUnknownElement.callCallback2 (http://localhost:5175/node_modules/.vite/deps/chunk-NXESFFTV.js?v=6bd10d75:3680:22)
    at Object.invokeGuardedCallbackDev (http://localhost:5175/node_modules/.vite/deps/chunk-NXESFFTV.js?v=6bd10d75:3705:24)
    at invokeGuardedCallback (http://localhost:5175/node_modules/.vite/deps/chunk-NXESFFTV.js?v=6bd10d75:3739:39)
    at beginWork$1 (http://localhost:5175/node_modules/.vite/deps/chunk-NXESFFTV.js?v=6bd10d75:19818:15)
    at performUnitOfWork (http://localhost:5175/node_modules/.vite/deps/chunk-NXESFFTV.js?v=6bd10d75:19251:20)
    at workLoopSync (http://localhost:5175/node_modules/.vite/deps/chunk-NXESFFTV.js?v=6bd10d75:19190:13)
[  691557ms] ReferenceError: HeroSculpture is not defined
    at Hero (http://localhost:5175/src/components/sections/hero.tsx?t=1779759089684:75:32)
    at renderWithHooks (http://localhost:5175/node_modules/.vite/deps/chunk-NXESFFTV.js?v=6bd10d75:11596:26)
    at updateFunctionComponent (http://localhost:5175/node_modules/.vite/deps/chunk-NXESFFTV.js?v=6bd10d75:14630:28)
    at beginWork (http://localhost:5175/node_modules/.vite/deps/chunk-NXESFFTV.js?v=6bd10d75:15972:22)
    at HTMLUnknownElement.callCallback2 (http://localhost:5175/node_modules/.vite/deps/chunk-NXESFFTV.js?v=6bd10d75:3680:22)
    at Object.invokeGuardedCallbackDev (http://localhost:5175/node_modules/.vite/deps/chunk-NXESFFTV.js?v=6bd10d75:3705:24)
    at invokeGuardedCallback (http://localhost:5175/node_modules/.vite/deps/chunk-NXESFFTV.js?v=6bd10d75:3739:39)
    at beginWork$1 (http://localhost:5175/node_modules/.vite/deps/chunk-NXESFFTV.js?v=6bd10d75:19818:15)
    at performUnitOfWork (http://localhost:5175/node_modules/.vite/deps/chunk-NXESFFTV.js?v=6bd10d75:19251:20)
    at workLoopSync (http://localhost:5175/node_modules/.vite/deps/chunk-NXESFFTV.js?v=6bd10d75:19190:13)
[  691563ms] [ERROR] The above error occurred in the <Hero> component:

    at Hero (http://localhost:5175/src/components/sections/hero.tsx?t=1779759089684:27:13)
    at main
    at Shell (http://localhost:5175/src/App.tsx:50:18)
    at LangProvider (http://localhost:5175/src/hooks/use-lang.tsx:26:32)
    at App

Consider adding an error boundary to your tree to customize error handling behavior.
Visit https://reactjs.org/link/error-boundaries to learn more about error boundaries. @ http://localhost:5175/node_modules/.vite/deps/@react-three_fiber.js?v=31088359:18177
[  691570ms] ReferenceError: HeroSculpture is not defined
    at Hero (http://localhost:5175/src/components/sections/hero.tsx?t=1779759089684:75:32)
    at renderWithHooks (http://localhost:5175/node_modules/.vite/deps/chunk-NXESFFTV.js?v=6bd10d75:11596:26)
    at updateFunctionComponent (http://localhost:5175/node_modules/.vite/deps/chunk-NXESFFTV.js?v=6bd10d75:14630:28)
    at beginWork (http://localhost:5175/node_modules/.vite/deps/chunk-NXESFFTV.js?v=6bd10d75:15972:22)
    at beginWork$1 (http://localhost:5175/node_modules/.vite/deps/chunk-NXESFFTV.js?v=6bd10d75:19806:22)
    at performUnitOfWork (http://localhost:5175/node_modules/.vite/deps/chunk-NXESFFTV.js?v=6bd10d75:19251:20)
    at workLoopSync (http://localhost:5175/node_modules/.vite/deps/chunk-NXESFFTV.js?v=6bd10d75:19190:13)
    at renderRootSync (http://localhost:5175/node_modules/.vite/deps/chunk-NXESFFTV.js?v=6bd10d75:19169:15)
    at recoverFromConcurrentError (http://localhost:5175/node_modules/.vite/deps/chunk-NXESFFTV.js?v=6bd10d75:18786:28)
    at performSyncWorkOnRoot (http://localhost:5175/node_modules/.vite/deps/chunk-NXESFFTV.js?v=6bd10d75:18932:28)
[  692091ms] [LOG] THREE.WebGLRenderer: Context Lost. @ http://localhost:5175/node_modules/.vite/deps/chunk-PLBY54L2.js?v=6bd10d75:721
